machine_id,machine_nom,machine_type,date_installation,age_jours,heures_operation_estimees,mtbf_theorique_h,mtbf_actuel_h,derniere_panne_jours,nb_pannes_12m,v_rms_mm_s,a_rms_g,temperature_c,zone_iso,crest_factor,kurtosis,disponibilite_pct,oee_pct,asset_health_index,rul_estime_jours,rul_confiance_pct,cout_remplacement_eur,cout_horaire_arret,score_degradation,niveau_risque
P-204,Pompe HP,pompe,2018-03-15,1484.0,35616,8000,8000,1692.0,0,1.592,0.753,28.9,A,2.24,2.75,98.2,91.9,99.0,370.5,94.4,250000,2000.0,0.0,faible
P-204,Pompe HP,pompe,2018-03-15,1517.7,36425,8000,7986,114.8,0,1.884,0.8,35.4,A,2.45,3.78,99.3,90.7,94.4,350.9,89.9,250000,2000.0,2.3,faible
P-204,Pompe HP,pompe,2018-03-15,1551.5,37235,8000,7961,1113.4,0,1.429,0.657,33.9,A,2.62,2.64,98.3,92.0,97.1,354.1,91.1,250000,2000.0,4.5,faible
P-204,Pompe HP,pompe,2018-03-15,1585.2,38044,8000,7929,295.4,0,1.692,0.708,33.5,A,2.74,2.55,96.3,90.4,90.3,338.5,90.7,250000,2000.0,6.8,faible
P-204,Pompe HP,pompe,2018-03-15,1618.9,38854,8000,7890,689.4,0,2.414,0.99,32.1,B,2.8,3.56,97.5,90.5,92.9,324.6,95.7,250000,2000.0,9.1,faible
P-204,Pompe HP,pompe,2018-03-15,1652.6,39663,8000,7847,175.7,0,1.733,0.879,34.4,A,2.71,3.13,96.6,90.0,85.2,336.4,89.7,250000,2000.0,11.4,faible
P-204,Pompe HP,pompe,2018-03-15,1686.4,40473,8000,7799,918.1,0,2.455,1.133,31.1,B,2.74,2.83,96.5,88.5,85.7,323.9,87.6,250000,2000.0,13.6,faible
P-204,Pompe HP,pompe,2018-03-15,1720.1,41282,8000,7746,48.3,0,2.715,1.21,34.3,B,3.08,3.22,94.3,89.3,86.9,307.2,91.0,250000,2000.0,15.9,faible
P-204,Pompe HP,pompe,2018-03-15,1753.8,42092,8000,7690,331.7,0,2.254,1.072,35.3,A,3.22,2.87,95.8,87.3,100,315.6,90.6,250000,2000.0,18.2,faible
P-204,Pompe HP,pompe,2018-03-15,1787.5,42901,8000,7630,58.3,0,2.56,1.085,32.0,B,3.13,4.19,95.0,89.9,89.1,271.5,80.0,250000,2000.0,20.5,faible
P-204,Pompe HP,pompe,2018-03-15,1821.3,43711,8000,7567,15.2,1,2.519,1.251,38.0,B,2.93,2.96,96.3,88.0,78.2,276.3,84.3,250000,2000.0,22.7,faible
P-204,Pompe HP,pompe,2018-03-15,1855.0,44520,8000,7500,1014.9,0,2.928,1.389,40.1,B,3.19,3.66,96.9,86.8,86.2,267.8,87.4,250000,2000.0,25.0,faible
P-204,Pompe HP,pompe,2018-03-15,1888.7,45329,8000,7430,341.1,1,2.948,1.402,37.4,B,3.28,3.7,94.5,86.7,83.4,298.2,75.9,250000,2000.0,27.3,faible
P-204,Pompe HP,pompe,2018-03-15,1922.5,46139,8000,7358,2659.4,1,2.811,1.255,39.4,B,2.75,4.23,94.6,87.7,87.1,258.2,81.2,250000,2000.0,29.5,faible
P-204,Pompe HP,pompe,2018-03-15,1956.2,46948,8000,7282,1680.5,1,3.107,1.37,40.5,B,3.03,3.89,94.1,85.1,73.7,250.4,83.2,250000,2000.0,31.8,moyen
P-204,Pompe HP,pompe,2018-03-15,1989.9,47758,8000,7204,164.5,0,3.163,1.496,41.2,B,3.3,4.36,94.5,86.3,79.7,244.0,73.6,250000,2000.0,34.1,moyen
P-204,Pompe HP,pompe,2018-03-15,2023.6,48567,8000,7123,666.1,1,3.698,1.702,42.2,B,3.41,4.31,96.5,85.2,80.0,224.5,90.6,250000,2000.0,36.4,moyen
P-204,Pompe HP,pompe,2018-03-15,2057.4,49377,8000,7039,1537.3,0,3.748,1.647,43.7,B,3.5,4.44,95.9,82.6,82.2,192.3,88.4,250000,2000.0,38.6,moyen
P-204,Pompe HP,pompe,2018-03-15,2091.1,50186,8000,6953,422.3,2,3.08,1.365,43.7,B,3.43,4.14,95.6,85.3,77.1,219.2,87.3,250000,2000.0,40.9,moyen
P-204,Pompe HP,pompe,2018-03-15,2124.8,50996,8000,6865,468.3,0,3.502,1.677,44.9,B,3.2,4.51,93.9,83.3,76.6,205.4,74.3,250000,2000.0,43.2,moyen
P-204,Pompe HP,pompe,2018-03-15,2158.5,51805,8000,6774,850.7,1,4.64,2.039,42.0,C,3.52,3.97,93.9,81.8,71.6,190.5,82.5,250000,2000.0,45.5,moyen
P-204,Pompe HP,pompe,2018-03-15,2192.3,52615,8000,6681,42.9,1,4.343,1.909,49.0,B,3.15,4.57,93.0,82.3,75.0,206.4,79.2,250000,2000.0,47.7,moyen
P-204,Pompe HP,pompe,2018-03-15,2226.0,53424,8000,6586,1030.4,2,4.623,2.052,48.3,C,3.36,4.24,91.4,84.9,68.2,175.8,66.2,250000,2000.0,50.0,moyen
P-204,Pompe HP,pompe,2018-03-15,2259.7,54233,8000,6488,208.3,1,4.121,1.672,47.8,B,3.46,4.76,91.6,82.4,78.7,191.5,71.2,250000,2000.0,52.3,moyen
P-204,Pompe HP,pompe,2018-03-15,2293.5,55043,8000,6389,3634.6,3,6.255,2.863,47.7,C,3.22,4.53,92.6,79.3,72.5,182.5,85.5,250000,2000.0,54.5,moyen
P-204,Pompe HP,pompe,2018-03-15,2327.2,55852,8000,6287,339.0,1,5.393,2.454,46.3,C,3.34,5.22,91.6,80.1,78.1,151.6,74.9,250000,2000.0,56.8,eleve
P-204,Pompe HP,pompe,2018-03-15,2360.9,56662,8000,6183,729.1,1,4.713,1.996,49.2,C,3.9,4.59,93.8,83.3,70.2,133.1,62.5,250000,2000.0,59.1,eleve
P-204,Pompe HP,pompe,2018-03-15,2394.6,57471,8000,6077,69.2,2,4.822,2.097,52.7,C,3.72,5.17,91.6,77.9,74.9,133.0,76.7,250000,2000.0,61.4,eleve
P-204,Pompe HP,pompe,2018-03-15,2428.4,58281,8000,5969,431.5,2,5.412,2.526,51.7,C,3.61,5.58,90.9,78.7,73.8,131.1,66.7,250000,2000.0,63.6,eleve
P-204,Pompe HP,pompe,2018-03-15,2462.1,59090,8000,5860,1577.6,3,5.638,2.691,51.6,C,3.81,5.62,92.9,80.2,71.8,114.4,73.8,250000,2000.0,65.9,eleve
P-204,Pompe HP,pompe,2018-03-15,2495.8,59900,8000,5748,881.0,3,5.725,2.658,54.3,C,4.23,5.31,91.2,77.6,73.2,109.0,75.5,250000,2000.0,68.2,eleve
P-204,Pompe HP,pompe,2018-03-15,2529.5,60709,8000,5634,1150.2,3,6.007,2.673,55.2,C,3.71,5.57,91.4,79.3,72.8,112.7,70.6,250000,2000.0,70.5,eleve
P-204,Pompe HP,pompe,2018-03-15,2563.3,61519,8000,5519,4329.5,2,5.06,2.326,51.9,C,4.16,5.1,93.2,76.3,65.4,91.1,76.3,250000,2000.0,72.7,eleve
P-204,Pompe HP,pompe,2018-03-15,2597.0,62328,8000,5402,703.5,2,6.283,2.801,54.9,C,4.03,6.31,88.4,76.9,53.5,79.6,67.9,250000,2000.0,75.0,critique
P-204,Pompe HP,pompe,2018-03-15,2630.7,63137,8000,5283,966.8,2,5.282,2.448,58.6,C,4.15,5.71,91.0,74.5,65.8,97.2,71.9,250000,2000.0,77.3,critique
P-204,Pompe HP,pompe,2018-03-15,2664.5,63947,8000,5162,2655.6,3,6.029,2.634,60.5,C,4.05,5.31,89.3,73.7,50.1,74.0,61.3,250000,2000.0,79.5,critique
P-204,Pompe HP,pompe,2018-03-15,2698.2,64756,8000,5040,6380.6,3,6.434,3.014,53.0,C,4.08,5.53,90.4,75.0,58.8,60.0,59.1,250000,2000.0,81.8,critique
P-204,Pompe HP,pompe,2018-03-15,2731.9,65566,8000,4916,1329.4,3,6.933,3.239,58.9,C,3.78,5.97,92.0,75.3,54.6,59.1,69.2,250000,2000.0,84.1,critique
P-204,Pompe HP,pompe,2018-03-15,2765.6,66375,8000,4790,1740.3,3,7.318,3.293,58.3,D,4.22,6.18,88.0,76.1,51.3,50.6,73.3,250000,2000.0,86.4,critique
P-204,Pompe HP,pompe,2018-03-15,2799.4,67185,8000,4662,625.4,3,6.837,2.999,57.7,C,3.77,6.1,91.1,73.1,51.8,56.3,76.4,250000,2000.0,88.6,critique
P-204,Pompe HP,pompe,2018-03-15,2833.1,67994,8000,4533,782.3,4,6.608,3.078,63.2,C,4.09,6.23,89.5,74.1,56.4,33.3,68.1,250000,2000.0,90.9,critique
P-204,Pompe HP,pompe,2018-03-15,2866.8,68804,8000,4402,636.0,3,7.423,3.293,63.3,D,4.35,6.67,89.0,71.6,54.1,10.4,77.7,250000,2000.0,93.2,critique
P-204,Pompe HP,pompe,2018-03-15,2900.5,69613,8000,4270,1231.1,4,7.622,3.544,59.0,D,4.84,5.82,88.5,72.6,53.0,2.1,64.9,250000,2000.0,95.5,critique
P-204,Pompe HP,pompe,2018-03-15,2934.3,70423,8000,4136,830.6,4,7.398,3.384,65.2,D,4.25,6.12,87.8,70.9,44.6,4.9,67.9,250000,2000.0,97.7,critique
P-204,Pompe HP,pompe,2018-03-15,2968.0,71232,8000,4000,54.0,3,7.737,3.596,66.1,D,4.51,5.77,88.3,73.1,48.0,5.2,60.0,250000,2000.0,100.0,critique
C-118,Compresseur vis,compresseur,2019-08-22,1221.5,29316,10000,10000,1677.3,0,1.188,0.459,30.8,A,2.37,2.52,97.6,91.7,83.3,363.0,86.4,480000,3840.0,0.0,faible
C-118,Compresseur vis,compresseur,2019-08-22,1249.3,29982,10000,9983,131.0,0,1.123,0.485,32.7,A,2.71,3.27,98.5,91.6,95.3,335.9,92.4,480000,3840.0,2.3,faible
C-118,Compresseur vis,compresseur,2019-08-22,1277.0,30649,10000,9952,41.2,0,1.138,0.5,33.3,A,2.71,3.25,98.0,92.2,95.4,324.9,96.8,480000,3840.0,4.5,faible
C-118,Compresseur vis,compresseur,2019-08-22,1304.8,31315,10000,9911,529.8,0,1.314,0.732,32.1,A,2.65,3.1,97.9,91.8,91.1,329.2,91.0,480000,3840.0,6.8,faible
C-118,Compresseur vis,compresseur,2019-08-22,1332.5,31981,10000,9863,403.3,0,2.086,0.833,29.8,A,2.32,2.79,97.0,89.7,90.4,359.1,89.4,480000,3840.0,9.1,faible
C-118,Compresseur vis,compresseur,2019-08-22,1360.3,32647,10000,9808,1606.9,0,1.524,0.654,35.3,A,2.73,2.97,97.3,89.9,83.3,310.2,84.4,480000,3840.0,11.4,faible
C-118,Compresseur vis,compresseur,2019-08-22,1388.1,33314,10000,9748,1170.0,0,2.166,0.906,31.8,A,2.7,3.22,96.8,89.6,90.8,323.8,94.9,480000,3840.0,13.6,faible
C-118,Compresseur vis,compresseur,2019-08-22,1415.8,33980,10000,9683,3670.4,0,1.385,0.561,36.1,A,3.03,2.84,97.9,88.6,87.8,310.3,82.4,480000,3840.0,15.9,faible
C-118,Compresseur vis,compresseur,2019-08-22,1443.6,34646,10000,9612,532.9,0,2.48,1.039,33.2,B,2.92,3.17,95.3,89.0,90.1,293.9,86.2,480000,3840.0,18.2,faible
C-118,Compresseur vis,compresseur,2019-08-22,1471.4,35312,10000,9537,480.7,0,2.112,0.793,37.5,A,2.64,3.48,96.4,85.5,83.4,270.0,82.1,480000,3840.0,20.5,faible
C-118,Compresseur vis,compresseur,2019-08-22,1499.1,35979,10000,9458,230.1,1,1.765,0.913,34.3,A,2.8,3.32,95.9,87.5,79.5,280.4,82.1,480000,3840.0,22.7,faible
C-118,Compresseur vis,compresseur,2019-08-22,1526.9,36645,10000,9375,1166.9,1,2.553,1.059,40.6,B,2.9,3.8,96.1,87.5,87.2,283.2,93.7,480000,3840.0,25.0,faible
C-118,Compresseur vis,compresseur,2019-08-22,1554.6,37311,10000,9288,462.8,0,3.224,1.35,39.0,B,2.91,4.0,97.2,85.8,80.8,262.8,80.9,480000,3840.0,27.3,faible
C-118,Compresseur vis,compresseur,2019-08-22,1582.4,37978,10000,9197,1436.7,1,3.339,1.459,42.0,B,3.12,3.56,92.9,84.6,86.6,270.6,82.8,480000,3840.0,29.5,faible
C-118,Compresseur vis,compresseur,2019-08-22,1610.2,38644,10000,9103,1247.7,1,3.291,1.475,43.0,B,3.14,3.88,93.4,82.5,76.8,270.1,79.0,480000,3840.0,31.8,moyen
C-118,Compresseur vis,compresseur,2019-08-22,1637.9,39310,10000,9005,8.0,0,3.558,1.509,39.3,B,3.37,4.73,93.7,85.1,88.7,232.7,85.4,480000,3840.0,34.1,moyen
C-118,Compresseur vis,compresseur,2019-08-22,1665.7,39976,10000,8904,823.7,1,2.735,1.374,44.5,B,3.64,4.36,97.3,86.3,83.0,217.3,84.0,480000,3840.0,36.4,moyen
C-118,Compresseur vis,compresseur,2019-08-22,1693.4,40643,10000,8799,2309.1,1,3.842,1.82,44.1,B,3.09,3.72,94.0,85.2,87.9,222.7,77.5,480000,3840.0,38.6,moyen
C-118,Compresseur vis,compresseur,2019-08-22,1721.2,41309,10000,8692,137.6,1,3.453,1.548,45.1,B,3.85,4.24,92.7,85.3,78.2,198.0,84.9,480000,3840.0,40.9,moyen
C-118,Compresseur vis,compresseur,2019-08-22,1749.0,41975,10000,8581,594.8,2,4.021,1.783,45.1,B,3.23,4.67,93.1,84.1,69.7,208.1,79.1,480000,3840.0,43.2,moyen
C-118,Compresseur vis,compresseur,2019-08-22,1776.7,42641,10000,8468,265.3,2,4.974,2.225,46.1,C,3.31,4.5,93.0,83.7,77.0,200.9,65.5,480000,3840.0,45.5,moyen
C-118,Compresseur vis,compresseur,2019-08-22,1804.5,43308,10000,8351,606.3,1,3.966,1.885,44.2,B,3.54,4.14,93.8,82.9,71.8,199.7,77.8,480000,3840.0,47.7,moyen
C-118,Compresseur vis,compresseur,2019-08-22,1832.2,43974,10000,8232,747.3,2,3.924,1.675,46.7,B,3.73,3.95,93.0,80.3,77.6,177.3,84.4,480000,3840.0,50.0,moyen
C-118,Compresseur vis,compresseur,2019-08-22,1860.0,44640,10000,8110,628.4,2,4.657,2.068,49.8,C,3.64,4.38,95.0,81.1,63.9,180.1,79.9,480000,3840.0,52.3,moyen
C-118,Compresseur vis,compresseur,2019-08-22,1887.8,45307,10000,7986,247.6,0,4.621,2.042,50.7,C,3.47,5.12,92.7,79.2,62.4,172.0,72.7,480000,3840.0,54.5,moyen
C-118,Compresseur vis,compresseur,2019-08-22,1915.5,45973,10000,7859,560.7,1,5.205,2.512,47.9,C,3.1,4.3,93.2,80.7,57.6,128.5,88.2,480000,3840.0,56.8,eleve
C-118,Compresseur vis,compresseur,2019-08-22,1943.3,46639,10000,7729,1207.9,2,4.683,2.104,50.2,C,3.51,4.26,91.6,79.6,75.8,127.1,77.5,480000,3840.0,59.1,eleve
C-118,Compresseur vis,compresseur,2019-08-22,1971.1,47305,10000,7597,1201.9,2,5.988,2.776,53.8,C,3.86,5.02,92.8,78.4,65.7,132.1,70.1,480000,3840.0,61.4,eleve
C-118,Compresseur vis,compresseur,2019-08-22,1998.8,47972,10000,7462,986.3,2,5.605,2.487,52.6,C,3.6,5.36,91.8,81.8,71.9,153.9,69.0,480000,3840.0,63.6,eleve
C-118,Compresseur vis,compresseur,2019-08-22,2026.6,48638,10000,7325,1889.8,2,5.564,2.555,53.6,C,3.99,5.71,92.3,79.4,67.1,111.7,76.2,480000,3840.0,65.9,eleve
C-118,Compresseur vis,compresseur,2019-08-22,2054.3,49304,10000,7185,877.7,2,5.316,2.394,52.0,C,4.09,5.21,92.0,79.9,54.3,119.8,69.6,480000,3840.0,68.2,eleve
C-118,Compresseur vis,compresseur,2019-08-22,2082.1,49970,10000,7043,366.9,2,6.391,2.812,55.0,C,3.97,4.64,89.5,77.4,64.7,91.5,71.5,480000,3840.0,70.5,eleve
C-118,Compresseur vis,compresseur,2019-08-22,2109.9,50637,10000,6899,91.6,3,5.322,2.34,54.0,C,3.87,5.41,88.8,78.0,60.2,108.0,75.1,480000,3840.0,72.7,eleve
C-118,Compresseur vis,compresseur,2019-08-22,2137.6,51303,10000,6752,2947.2,3,6.552,2.944,53.1,C,3.92,4.9,91.5,77.5,65.2,105.7,72.3,480000,3840.0,75.0,critique
C-118,Compresseur vis,compresseur,2019-08-22,2165.4,51969,10000,6604,1152.1,2,6.38,2.944,57.4,C,4.31,5.51,89.7,76.7,68.8,92.6,74.4,480000,3840.0,77.3,critique
C-118,Compresseur vis,compresseur,2019-08-22,2193.1,52636,10000,6453,261.2,3,6.732,3.117,54.8,C,3.93,5.64,90.5,77.1,62.1,84.8,67.1,480000,3840.0,79.5,critique
C-118,Compresseur vis,compresseur,2019-08-22,2220.9,53302,10000,6300,227.1,3,6.286,2.892,55.5,C,3.75,6.17,89.5,78.0,62.7,82.4,69.7,480000,3840.0,81.8,critique
C-118,Compresseur vis,compresseur,2019-08-22,2248.7,53968,10000,6144,477.9,3,6.911,2.995,58.9,C,4.32,5.84,89.7,77.5,61.3,42.5,68.6,480000,3840.0,84.1,critique
C-118,Compresseur vis,compresseur,2019-08-22,2276.4,54634,10000,5987,1041.6,4,7.44,3.461,57.5,D,4.19,5.95,88.7,73.7,63.6,36.2,80.5,480000,3840.0,86.4,critique
C-118,Compresseur vis,compresseur,2019-08-22,2304.2,55301,10000,5828,623.1,4,6.648,2.989,61.4,C,4.4,6.68,87.8,77.4,57.6,35.2,67.6,480000,3840.0,88.6,critique
C-118,Compresseur vis,compresseur,2019-08-22,2332.0,55967,10000,5666,2173.7,3,7.168,3.223,65.2,D,4.42,5.14,87.6,73.8,66.0,42.1,66.4,480000,3840.0,90.9,critique
C-118,Compresseur vis,compresseur,2019-08-22,2359.7,56633,10000,5503,1128.2,4,6.798,2.96,63.0,C,4.05,6.64,87.6,71.4,53.2,9.4,60.2,480000,3840.0,93.2,critique
C-118,Compresseur vis,compresseur,2019-08-22,2387.5,57299,10000,5337,455.1,3,7.926,3.609,63.1,D,4.72,5.82,87.6,71.3,47.4,16.7,60.6,480000,3840.0,95.5,critique
C-118,Compresseur vis,compresseur,2019-08-22,2415.2,57966,10000,5169,1581.2,3,6.824,3.126,65.1,C,4.43,5.97,87.5,74.0,49.8,7.3,68.1,480000,3840.0,97.7,critique
C-118,Compresseur vis,compresseur,2019-08-22,2443.0,58632,10000,5000,886.5,3,7.79,3.433,63.9,D,4.38,6.07,88.1,70.7,54.5,-1.5,69.9,480000,3840.0,100.0,critique
V-302,Ventilateur,ventilateur,2020-01-10,1151.0,27624,15000,15000,51.1,0,1.494,0.764,27.0,A,2.1,3.14,98.5,91.8,93.8,370.3,85.1,85000,680.0,0.0,faible
V-302,Ventilateur,ventilateur,2020-01-10,1177.2,28252,15000,14974,1286.3,0,1.233,0.563,28.8,A,2.57,2.42,96.8,92.2,90.2,369.2,87.6,85000,680.0,2.3,faible
V-302,Ventilateur,ventilateur,2020-01-10,1203.3,28880,15000,14927,998.7,0,0.932,0.473,31.5,A,2.32,2.82,97.4,92.3,88.2,319.0,89.1,85000,680.0,4.5,faible
V-302,Ventilateur,ventilateur,2020-01-10,1229.5,29507,15000,14866,3.1,0,1.156,0.624,30.1,A,2.28,2.9,97.7,90.0,92.0,342.8,85.3,85000,680.0,6.8,faible
V-302,Ventilateur,ventilateur,2020-01-10,1255.6,30135,15000,14794,708.7,0,2.67,1.051,28.3,B,2.64,3.68,99.1,91.5,99.8,342.6,82.2,85000,680.0,9.1,faible
V-302,Ventilateur,ventilateur,2020-01-10,1281.8,30763,15000,14713,71.4,0,1.043,0.493,36.3,A,2.8,3.37,98.6,90.3,100,311.4,95.0,85000,680.0,11.4,faible
V-302,Ventilateur,ventilateur,2020-01-10,1308.0,31391,15000,14622,699.2,0,2.439,1.115,35.3,B,2.44,3.84,95.4,91.2,85.3,316.3,95.9,85000,680.0,13.6,faible
V-302,Ventilateur,ventilateur,2020-01-10,1334.1,32019,15000,14524,408.6,1,1.617,0.737,38.0,A,2.81,3.37,98.2,87.3,92.5,292.2,94.0,85000,680.0,15.9,faible
V-302,Ventilateur,ventilateur,2020-01-10,1360.3,32647,15000,14419,557.9,0,2.138,1.152,37.8,A,2.87,3.58,95.5,92.9,82.9,305.9,88.8,85000,680.0,18.2,faible
V-302,Ventilateur,ventilateur,2020-01-10,1386.4,33274,15000,14306,332.3,1,2.375,1.132,39.1,B,2.8,2.96,93.0,86.7,84.8,285.7,95.1,85000,680.0,20.5,faible
V-302,Ventilateur,ventilateur,2020-01-10,1412.6,33902,15000,14187,15.5,0,2.15,0.886,39.2,A,2.96,3.87,94.9,85.6,87.1,290.8,83.8,85000,680.0,22.7,faible
V-302,Ventilateur,ventilateur,2020-01-10,1438.8,34530,15000,14062,811.8,1,3.063,1.422,42.8,B,2.77,4.2,96.5,87.4,77.6,263.3,86.4,85000,680.0,25.0,faible
V-302,Ventilateur,ventilateur,2020-01-10,1464.9,35158,15000,13932,496.9,0,2.698,0.999,39.5,B,3.53,3.5,94.9,89.1,81.2,265.0,83.1,85000,680.0,27.3,faible
V-302,Ventilateur,ventilateur,2020-01-10,1491.1,35786,15000,13796,805.6,1,3.068,1.328,37.3,B,2.82,3.83,95.6,86.3,82.7,247.6,87.2,85000,680.0,29.5,faible
V-302,Ventilateur,ventilateur,2020-01-10,1517.2,36413,15000,13654,811.1,1,3.315,1.475,37.9,B,2.85,3.95,93.9,84.7,89.3,244.0,71.6,85000,680.0,31.8,moyen
V-302,Ventilateur,ventilateur,2020-01-10,1543.4,37041,15000,13507,1683.1,1,3.596,1.643,41.7,B,3.32,4.5,95.1,85.1,75.4,241.4,95.1,85000,680.0,34.1,moyen
V-302,Ventilateur,ventilateur,2020-01-10,1569.5,37669,15000,13355,388.7,1,2.996,1.351,44.7,B,3.27,4.76,93.1,84.8,81.5,231.6,68.2,85000,680.0,36.4,moyen
V-302,Ventilateur,ventilateur,2020-01-10,1595.7,38297,15000,13199,135.5,1,4.014,1.831,41.9,B,3.36,3.95,95.5,83.9,67.8,249.1,83.1,85000,680.0,38.6,moyen
V-302,Ventilateur,ventilateur,2020-01-10,1621.9,38925,15000,13038,382.6,1,3.945,1.793,42.6,B,3.46,5.34,94.3,81.0,81.5,210.8,81.9,85000,680.0,40.9,moyen
V-302,Ventilateur,ventilateur,2020-01-10,1648.0,39553,15000,12872,699.5,1,3.764,1.765,43.9,B,3.51,3.39,94.2,85.2,79.8,195.5,84.9,85000,680.0,43.2,moyen
V-302,Ventilateur,ventilateur,2020-01-10,1674.2,40180,15000,12702,150.6,1,3.742,1.644,45.2,B,3.48,4.36,93.9,81.9,74.2,209.7,76.8,85000,680.0,45.5,moyen
V-302,Ventilateur,ventilateur,2020-01-10,1700.3,40808,15000,12527,2322.4,1,4.485,1.994,48.7,B,3.56,3.45,93.9,84.1,75.2,204.7,87.6,85000,680.0,47.7,moyen
V-302,Ventilateur,ventilateur,2020-01-10,1726.5,41436,15000,12348,494.4,1,3.468,1.545,48.0,B,3.63,4.8,91.5,79.3,75.1,192.8,81.9,85000,680.0,50.0,moyen
V-302,Ventilateur,ventilateur,2020-01-10,1752.7,42064,15000,12166,552.3,1,5.295,2.493,49.0,C,3.7,4.58,92.8,82.3,70.1,164.4,78.5,85000,680.0,52.3,moyen
V-302,Ventilateur,ventilateur,2020-01-10,1778.8,42692,15000,11979,230.7,1,4.69,2.096,47.1,C,3.7,3.84,93.8,79.2,73.5,171.2,75.1,85000,680.0,54.5,moyen
V-302,Ventilateur,ventilateur,2020-01-10,1805.0,43319,15000,11788,49.7,1,4.688,2.075,50.9,C,3.64,5.6,94.1,81.2,67.9,146.0,75.5,85000,680.0,56.8,eleve
V-302,Ventilateur,ventilateur,2020-01-10,1831.1,43947,15000,11593,6.7,2,5.338,2.538,52.2,C,4.14,5.43,92.8,78.2,64.5,177.1,78.7,85000,680.0,59.1,eleve
V-302,Ventilateur,ventilateur,2020-01-10,1857.3,44575,15000,11395,1607.2,2,4.813,2.067,51.9,C,3.74,4.89,92.3,78.7,65.3,156.0,65.0,85000,680.0,61.4,eleve
V-302,Ventilateur,ventilateur,2020-01-10,1883.5,45203,15000,11193,143.9,1,4.621,2.054,55.9,C,3.67,5.51,94.0,80.9,66.3,145.7,72.3,85000,680.0,63.6,eleve
V-302,Ventilateur,ventilateur,2020-01-10,1909.6,45831,15000,10987,18.3,2,5.467,2.385,54.4,C,3.93,4.89,91.3,78.0,64.9,146.4,70.7,85000,680.0,65.9,eleve
V-302,Ventilateur,ventilateur,2020-01-10,1935.8,46459,15000,10778,382.6,2,5.006,2.244,58.5,C,3.65,4.84,92.0,80.0,54.9,121.4,76.4,85000,680.0,68.2,eleve
V-302,Ventilateur,ventilateur,2020-01-10,1961.9,47086,15000,10565,740.8,2,5.497,2.415,52.7,C,3.88,5.41,90.8,76.0,68.9,107.4,73.5,85000,680.0,70.5,eleve
V-302,Ventilateur,ventilateur,2020-01-10,1988.1,47714,15000,10348,1357.9,3,5.986,2.661,53.1,C,3.89,6.13,90.9,77.4,59.5,101.0,63.7,85000,680.0,72.7,eleve
V-302,Ventilateur,ventilateur,2020-01-10,2014.2,48342,15000,10129,639.7,2,5.521,2.504,57.5,C,3.68,6.02,90.0,73.6,62.9,95.5,75.5,85000,680.0,75.0,critique
V-302,Ventilateur,ventilateur,2020-01-10,2040.4,48970,15000,9906,1960.9,2,6.171,2.9,56.1,C,4.0,5.98,90.3,80.2,54.6,71.0,71.9,85000,680.0,77.3,critique
V-302,Ventilateur,ventilateur,2020-01-10,2066.6,49598,15000,9679,256.0,3,6.486,2.898,59.5,C,3.98,5.96,90.1,76.6,63.6,94.1,65.1,85000,680.0,79.5,critique
V-302,Ventilateur,ventilateur,2020-01-10,2092.7,50225,15000,9449,2683.0,3,6.144,2.769,57.5,C,4.06,4.79,89.8,75.4,50.8,60.6,72.0,85000,680.0,81.8,critique
V-302,Ventilateur,ventilateur,2020-01-10,2118.9,50853,15000,9217,2602.2,2,6.794,3.024,60.9,C,4.06,5.77,89.0,74.4,62.6,59.6,69.7,85000,680.0,84.1,critique
V-302,Ventilateur,ventilateur,2020-01-10,2145.0,51481,15000,8981,556.2,3,7.278,3.23,62.3,D,4.44,6.7,90.4,75.0,50.5,69.3,54.2,85000,680.0,86.4,critique
V-302,Ventilateur,ventilateur,2020-01-10,2171.2,52109,15000,8741,395.3,3,6.615,2.875,63.2,C,4.02,6.59,90.0,73.6,49.3,59.7,73.5,85000,680.0,88.6,critique
V-302,Ventilateur,ventilateur,2020-01-10,2197.4,52737,15000,8499,1528.7,3,7.399,3.389,63.3,D,4.32,5.88,89.0,72.9,64.9,38.6,66.0,85000,680.0,90.9,critique
V-302,Ventilateur,ventilateur,2020-01-10,2223.5,53365,15000,8254,387.0,3,7.593,3.431,63.2,D,4.6,5.45,88.2,74.4,52.8,41.7,67.7,85000,680.0,93.2,critique
V-302,Ventilateur,ventilateur,2020-01-10,2249.7,53992,15000,8006,294.1,4,7.778,3.372,64.4,D,4.38,6.41,87.9,72.2,49.0,33.2,69.1,85000,680.0,95.5,critique
V-302,Ventilateur,ventilateur,2020-01-10,2275.8,54620,15000,7754,440.4,3,7.282,3.254,63.5,D,4.36,6.31,89.0,72.2,53.2,3.2,69.5,85000,680.0,97.7,critique
V-302,Ventilateur,ventilateur,2020-01-10,2302.0,55248,15000,7500,465.1,3,6.948,3.169,65.8,C,4.11,6.07,88.3,72.5,51.6,11.8,63.0,85000,680.0,100.0,critique
M-019,Moteur 400kW,moteur,2017-11-05,1549.0,37176,12000,12000,131.0,0,1.538,0.785,27.1,A,2.36,3.07,97.9,92.2,89.3,345.1,86.9,320000,2560.0,0.0,faible
M-019,Moteur 400kW,moteur,2017-11-05,1584.2,38021,12000,11979,460.1,0,0.89,0.449,33.7,A,2.69,2.08,98.5,90.6,94.4,321.6,86.0,320000,2560.0,2.3,faible
M-019,Moteur 400kW,moteur,2017-11-05,1619.4,38866,12000,11942,167.4,0,1.695,0.679,35.5,A,2.83,3.02,97.3,91.2,93.5,347.5,92.1,320000,2560.0,4.5,faible
M-019,Moteur 400kW,moteur,2017-11-05,1654.6,39711,12000,11893,577.6,0,1.154,0.406,36.6,A,2.77,3.27,98.8,90.4,88.1,331.7,85.0,320000,2560.0,6.8,faible
M-019,Moteur 400kW,moteur,2017-11-05,1689.8,40556,12000,11836,157.8,0,1.728,0.589,35.9,A,2.97,3.16,96.4,89.1,91.2,359.6,84.4,320000,2560.0,9.1,faible
M-019,Moteur 400kW,moteur,2017-11-05,1725.0,41401,12000,11770,1448.4,0,1.732,0.835,34.2,A,2.52,3.25,96.0,89.9,86.1,322.9,91.3,320000,2560.0,11.4,faible
M-019,Moteur 400kW,moteur,2017-11-05,1760.2,42245,12000,11698,1326.7,0,1.838,0.938,36.1,A,2.83,3.69,97.4,89.0,89.7,327.7,93.5,320000,2560.0,13.6,faible
M-019,Moteur 400kW,moteur,2017-11-05,1795.4,43090,12000,11619,706.5,0,1.79,0.743,29.9,A,2.75,3.97,96.3,87.7,83.0,314.7,86.9,320000,2560.0,15.9,faible
M-019,Moteur 400kW,moteur,2017-11-05,1830.6,43935,12000,11535,1202.8,0,3.802,1.681,36.1,B,3.0,2.59,96.5,88.1,86.7,309.8,77.2,320000,2560.0,18.2,faible
M-019,Moteur 400kW,moteur,2017-11-05,1865.8,44780,12000,11445,1146.6,0,1.706,0.781,35.0,A,3.25,4.31,96.4,87.7,88.6,282.0,95.1,320000,2560.0,20.5,faible
M-019,Moteur 400kW,moteur,2017-11-05,1901.0,45625,12000,11350,586.9,1,3.889,1.652,35.9,B,2.53,3.7,95.3,85.7,79.2,265.7,83.3,320000,2560.0,22.7,faible
M-019,Moteur 400kW,moteur,2017-11-05,1936.2,46470,12000,11250,1199.7,1,2.633,1.297,40.8,B,3.01,4.27,94.8,90.5,75.4,299.7,73.6,320000,2560.0,25.0,faible
M-019,Moteur 400kW,moteur,2017-11-05,1971.5,47315,12000,11145,100.3,1,2.555,1.12,39.7,B,2.98,3.96,97.3,88.2,89.4,263.6,84.9,320000,2560.0,27.3,faible
M-019,Moteur 400kW,moteur,2017-11-05,2006.7,48160,12000,11036,1215.4,0,3.448,1.505,41.0,B,3.15,3.41,95.6,87.2,75.1,264.2,89.2,320000,2560.0,29.5,faible
M-019,Moteur 400kW,moteur,2017-11-05,2041.9,49005,12000,10923,101.7,1,2.773,1.23,43.0,B,3.42,3.66,97.6,88.6,82.1,242.1,84.2,320000,2560.0,31.8,moyen
M-019,Moteur 400kW,moteur,2017-11-05,2077.1,49850,12000,10806,1362.6,1,3.158,1.272,41.2,B,3.35,3.76,94.2,86.4,77.0,253.0,72.1,320000,2560.0,34.1,moyen
M-019,Moteur 400kW,moteur,2017-11-05,2112.3,50695,12000,10684,711.2,1,2.689,1.14,45.6,B,3.49,4.3,93.7,85.0,76.1,225.8,78.9,320000,2560.0,36.4,moyen
M-019,Moteur 400kW,moteur,2017-11-05,2147.5,51539,12000,10559,1230.4,0,4.116,1.919,41.8,B,3.04,3.2,93.7,84.3,84.0,243.5,80.6,320000,2560.0,38.6,moyen
M-019,Moteur 400kW,moteur,2017-11-05,2182.7,52384,12000,10430,126.4,1,3.351,1.504,46.8,B,2.84,3.59,94.5,81.1,77.2,213.7,80.4,320000,2560.0,40.9,moyen
M-019,Moteur 400kW,moteur,2017-11-05,2217.9,53229,12000,10297,1819.3,1,4.053,1.784,44.6,B,3.48,4.28,93.4,81.7,68.1,221.4,76.6,320000,2560.0,43.2,moyen
M-019,Moteur 400kW,moteur,2017-11-05,2253.1,54074,12000,10161,218.5,1,4.456,1.929,46.1,B,3.36,4.29,93.2,83.7,72.1,210.0,79.9,320000,2560.0,45.5,moyen
M-019,Moteur 400kW,moteur,2017-11-05,2288.3,54919,12000,10022,843.0,2,5.387,2.579,44.5,C,3.51,4.98,94.3,83.1,68.5,206.4,76.4,320000,2560.0,47.7,moyen
M-019,Moteur 400kW,moteur,2017-11-05,2323.5,55764,12000,9879,577.9,2,4.785,2.171,46.6,C,3.41,4.5,95.4,82.1,74.3,198.4,81.0,320000,2560.0,50.0,moyen
M-019,Moteur 400kW,moteur,2017-11-05,2358.7,56609,12000,9732,185.3,1,3.931,1.897,47.8,B,3.48,5.48,93.7,80.3,61.5,181.6,79.9,320000,2560.0,52.3,moyen
M-019,Moteur 400kW,moteur,2017-11-05,2393.9,57454,12000,9583,878.5,2,4.052,1.785,51.3,B,3.74,4.99,92.4,79.7,69.7,155.9,78.1,320000,2560.0,54.5,moyen
M-019,Moteur 400kW,moteur,2017-11-05,2429.1,58299,12000,9430,7076.0,1,4.736,2.076,51.2,C,3.45,4.96,93.3,79.1,75.6,157.4,78.3,320000,2560.0,56.8,eleve
M-019,Moteur 400kW,moteur,2017-11-05,2464.3,59144,12000,9275,444.8,3,4.982,2.069,49.2,C,3.6,4.5,92.1,81.1,70.1,115.9,70.4,320000,2560.0,59.1,eleve
M-019,Moteur 400kW,moteur,2017-11-05,2499.5,59989,12000,9116,1305.9,3,4.739,2.124,51.2,C,3.69,5.24,92.4,83.1,61.4,135.2,73.1,320000,2560.0,61.4,eleve
M-019,Moteur 400kW,moteur,2017-11-05,2534.7,60833,12000,8954,1105.8,2,4.776,2.073,54.3,C,3.87,5.37,92.7,78.8,74.4,167.4,73.5,320000,2560.0,63.6,eleve
M-019,Moteur 400kW,moteur,2017-11-05,2569.9,61678,12000,8790,587.9,2,5.415,2.541,56.1,C,3.87,4.98,89.7,78.6,65.8,124.4,70.1,320000,2560.0,65.9,eleve
M-019,Moteur 400kW,moteur,2017-11-05,2605.1,62523,12000,8622,103.1,2,5.771,2.436,54.4,C,3.84,5.6,91.4,78.6,61.2,109.7,67.8,320000,2560.0,68.2,eleve
M-019,Moteur 400kW,moteur,2017-11-05,2640.3,63368,12000,8452,169.6,3,5.696,2.6,55.9,C,4.01,5.15,90.9,80.1,70.3,124.5,72.6,320000,2560.0,70.5,eleve
M-019,Moteur 400kW,moteur,2017-11-05,2675.5,64213,12000,8279,776.2,3,6.514,2.871,55.9,C,3.73,5.4,90.8,79.8,61.2,109.3,75.5,320000,2560.0,72.7,eleve
M-019,Moteur 400kW,moteur,2017-11-05,2710.8,65058,12000,8103,425.4,3,6.343,2.826,57.9,C,4.05,5.87,91.0,77.1,58.3,73.6,71.0,320000,2560.0,75.0,critique
M-019,Moteur 400kW,moteur,2017-11-05,2746.0,65903,12000,7924,1891.3,3,5.87,2.613,55.3,C,3.89,5.67,88.2,79.0,53.0,61.1,76.9,320000,2560.0,77.3,critique
M-019,Moteur 400kW,moteur,2017-11-05,2781.2,66748,12000,7743,1236.7,2,5.991,2.643,58.9,C,4.05,5.75,90.8,76.5,51.3,56.8,71.4,320000,2560.0,79.5,critique
M-019,Moteur 400kW,moteur,2017-11-05,2816.4,67593,12000,7560,3911.3,3,5.916,2.685,60.3,C,3.9,5.62,90.6,76.2,59.5,77.1,84.1,320000,2560.0,81.8,critique
M-019,Moteur 400kW,moteur,2017-11-05,2851.6,68438,12000,7373,5331.0,3,6.147,2.809,58.5,C,4.18,5.97,89.5,73.4,58.4,58.9,68.6,320000,2560.0,84.1,critique
M-019,Moteur 400kW,moteur,2017-11-05,2886.8,69283,12000,7184,707.3,3,7.022,3.191,62.8,C,4.35,6.77,90.1,75.3,54.6,41.1,70.6,320000,2560.0,86.4,critique
M-019,Moteur 400kW,moteur,2017-11-05,2922.0,70127,12000,6993,16.4,4,7.561,3.365,60.3,D,4.66,6.0,88.5,75.2,55.2,18.9,69.9,320000,2560.0,88.6,critique
M-019,Moteur 400kW,moteur,2017-11-05,2957.2,70972,12000,6799,1627.9,4,7.075,3.339,61.4,C,4.19,6.41,89.8,73.1,52.2,31.4,67.8,320000,2560.0,90.9,critique
M-019,Moteur 400kW,moteur,2017-11-05,2992.4,71817,12000,6603,25.4,3,7.262,3.442,58.2,D,4.48,5.94,87.7,72.5,53.1,44.2,71.4,320000,2560.0,93.2,critique
M-019,Moteur 400kW,moteur,2017-11-05,3027.6,72662,12000,6404,2746.3,2,6.776,2.931,62.7,C,4.5,5.72,90.1,71.3,49.1,18.7,66.3,320000,2560.0,95.5,critique
M-019,Moteur 400kW,moteur,2017-11-05,3062.8,73507,12000,6203,805.1,3,6.949,3.182,65.8,C,4.67,5.81,88.8,72.5,51.5,16.2,63.0,320000,2560.0,97.7,critique
M-019,Moteur 400kW,moteur,2017-11-05,3098.0,74352,12000,6000,3157.2,4,8.22,3.791,64.4,D,4.19,6.56,86.8,72.9,43.1,-2.8,66.5,320000,2560.0,100.0,critique
R-077,Réducteur,reducteur,2021-05-18,904.0,21696,20000,20000,455.1,0,1.605,0.761,31.1,A,2.43,2.32,99.0,92.9,93.5,331.6,85.6,45000,360.0,0.0,faible
R-077,Réducteur,reducteur,2021-05-18,924.5,22189,20000,19966,1044.2,1,1.472,0.628,31.9,A,2.25,2.04,97.9,89.1,96.3,381.4,81.1,45000,360.0,2.3,faible
R-077,Réducteur,reducteur,2021-05-18,945.1,22682,20000,19903,603.0,0,1.709,0.794,32.7,A,2.89,3.21,98.9,92.6,94.3,364.4,98.7,45000,360.0,4.5,faible
R-077,Réducteur,reducteur,2021-05-18,965.6,23175,20000,19822,15.1,0,0.854,0.313,30.3,A,2.77,2.49,97.7,89.1,96.2,359.9,91.9,45000,360.0,6.8,faible
R-077,Réducteur,reducteur,2021-05-18,986.2,23668,20000,19726,198.8,0,1.465,0.658,35.3,A,2.91,4.15,97.1,90.1,87.6,319.1,84.1,45000,360.0,9.1,faible
R-077,Réducteur,reducteur,2021-05-18,1006.7,24161,20000,19617,193.2,0,1.257,0.481,33.1,A,2.8,2.82,96.0,88.9,88.7,306.4,85.1,45000,360.0,11.4,faible
R-077,Réducteur,reducteur,2021-05-18,1027.3,24655,20000,19496,514.0,0,2.331,0.951,35.0,B,2.83,3.03,95.3,91.5,85.6,326.1,75.3,45000,360.0,13.6,faible
R-077,Réducteur,reducteur,2021-05-18,1047.8,25148,20000,19365,1815.7,0,1.878,0.807,36.0,A,2.78,3.55,96.8,89.5,77.9,313.4,92.3,45000,360.0,15.9,faible
R-077,Réducteur,reducteur,2021-05-18,1068.4,25641,20000,19225,43.7,0,2.108,0.937,39.3,A,2.86,3.77,97.9,89.3,83.5,280.2,82.3,45000,360.0,18.2,faible
R-077,Réducteur,reducteur,2021-05-18,1088.9,26134,20000,19075,115.3,1,3.344,1.454,37.6,B,3.4,3.53,93.8,88.1,90.8,287.5,76.7,45000,360.0,20.5,faible
R-077,Réducteur,reducteur,2021-05-18,1109.5,26627,20000,18917,908.5,2,2.24,1.004,36.1,A,2.86,3.75,94.6,87.9,85.4,251.7,82.4,45000,360.0,22.7,faible
R-077,Réducteur,reducteur,2021-05-18,1130.0,27120,20000,18750,699.8,1,4.129,1.921,43.3,B,2.87,4.08,96.2,85.8,89.2,289.9,85.5,45000,360.0,25.0,faible
R-077,Réducteur,reducteur,2021-05-18,1150.5,27613,20000,18576,481.5,0,2.215,1.026,39.1,A,2.97,4.33,94.8,85.3,83.0,239.0,78.7,45000,360.0,27.3,faible
R-077,Réducteur,reducteur,2021-05-18,1171.1,28106,20000,18394,1375.2,1,3.281,1.466,40.1,B,2.88,3.61,95.7,87.3,83.9,242.3,83.2,45000,360.0,29.5,faible
R-077,Réducteur,reducteur,2021-05-18,1191.6,28599,20000,18205,1832.6,1,2.925,1.359,41.4,B,3.35,3.28,94.3,85.3,79.9,254.3,83.0,45000,360.0,31.8,moyen
R-077,Réducteur,reducteur,2021-05-18,1212.2,29092,20000,18010,45.3,0,2.989,1.375,40.6,B,3.02,3.88,94.4,83.2,71.2,244.5,79.6,45000,360.0,34.1,moyen
R-077,Réducteur,reducteur,2021-05-18,1232.7,29585,20000,17807,163.5,1,4.569,2.088,40.6,C,3.43,4.29,93.7,86.0,70.3,215.0,91.8,45000,360.0,36.4,moyen
R-077,Réducteur,reducteur,2021-05-18,1253.3,30079,20000,17598,722.9,0,3.276,1.382,44.4,B,3.19,4.29,93.4,83.0,84.1,219.5,72.7,45000,360.0,38.6,moyen
R-077,Réducteur,reducteur,2021-05-18,1273.8,30572,20000,17383,766.5,0,4.574,1.891,46.6,C,3.49,3.85,94.6,83.2,74.2,201.8,76.4,45000,360.0,40.9,moyen
R-077,Réducteur,reducteur,2021-05-18,1294.4,31065,20000,17162,282.6,1,3.984,1.688,46.5,B,3.24,4.55,93.9,83.2,68.4,196.4,72.6,45000,360.0,43.2,moyen
R-077,Réducteur,reducteur,2021-05-18,1314.9,31558,20000,16935,1075.3,1,5.355,2.313,49.6,C,3.41,4.37,93.2,81.7,79.7,214.0,82.7,45000,360.0,45.5,moyen
R-077,Réducteur,reducteur,2021-05-18,1335.5,32051,20000,16703,195.7,2,4.892,2.276,46.0,C,3.02,4.55,93.7,84.0,72.2,211.8,78.0,45000,360.0,47.7,moyen
R-077,Réducteur,reducteur,2021-05-18,1356.0,32544,20000,16464,355.8,2,4.388,1.965,48.4,B,3.67,4.6,95.6,80.9,78.8,191.1,68.6,45000,360.0,50.0,moyen
R-077,Réducteur,reducteur,2021-05-18,1376.5,33037,20000,16221,549.6,2,4.94,2.29,51.9,C,3.77,3.85,92.5,81.6,66.9,155.5,82.6,45000,360.0,52.3,moyen
R-077,Réducteur,reducteur,2021-05-18,1397.1,33530,20000,15972,207.1,1,4.793,2.235,50.9,C,3.53,4.67,90.9,79.8,71.6,172.4,70.6,45000,360.0,54.5,moyen
R-077,Réducteur,reducteur,2021-05-18,1417.6,34023,20000,15717,3889.7,2,3.775,1.63,50.3,B,4.05,4.99,91.9,80.6,65.9,164.0,78.1,45000,360.0,56.8,eleve
R-077,Réducteur,reducteur,2021-05-18,1438.2,34516,20000,15458,183.5,1,4.824,2.283,51.3,C,3.94,5.4,92.9,79.4,69.0,163.9,74.9,45000,360.0,59.1,eleve
R-077,Réducteur,reducteur,2021-05-18,1458.7,35009,20000,15193,206.5,2,4.949,2.132,48.8,C,3.64,5.53,91.4,78.3,65.9,143.8,69.7,45000,360.0,61.4,eleve
R-077,Réducteur,reducteur,2021-05-18,1479.3,35503,20000,14924,2716.8,2,5.076,2.217,51.6,C,4.13,4.52,92.5,78.8,63.3,142.3,70.4,45000,360.0,63.6,eleve
R-077,Réducteur,reducteur,2021-05-18,1499.8,35996,20000,14649,979.3,2,5.863,2.674,57.3,C,3.93,5.06,91.7,79.0,62.6,101.8,81.5,45000,360.0,65.9,eleve
R-077,Réducteur,reducteur,2021-05-18,1520.4,36489,20000,14370,1931.6,3,6.327,2.885,56.6,C,3.82,5.02,92.0,79.1,67.7,119.8,74.2,45000,360.0,68.2,eleve
R-077,Réducteur,reducteur,2021-05-18,1540.9,36982,20000,14086,119.5,2,5.238,2.258,53.9,C,3.93,5.14,91.3,75.5,61.1,106.5,68.8,45000,360.0,70.5,eleve
R-077,Réducteur,reducteur,2021-05-18,1561.5,37475,20000,13798,24.3,4,5.318,2.461,56.3,C,4.01,5.18,90.0,78.8,57.9,85.7,75.2,45000,360.0,72.7,eleve
R-077,Réducteur,reducteur,2021-05-18,1582.0,37968,20000,13505,447.7,2,5.571,2.393,57.9,C,3.89,5.71,89.9,79.1,55.0,93.2,65.2,45000,360.0,75.0,critique
R-077,Réducteur,reducteur,2021-05-18,1602.5,38461,20000,13207,243.0,2,6.092,2.797,57.5,C,4.13,5.23,89.3,78.0,53.2,64.1,62.0,45000,360.0,77.3,critique
R-077,Réducteur,reducteur,2021-05-18,1623.1,38954,20000,12905,860.7,3,5.933,2.667,61.5,C,4.13,5.96,90.3,75.0,60.9,58.0,61.5,45000,360.0,79.5,critique
R-077,Réducteur,reducteur,2021-05-18,1643.6,39447,20000,12599,1030.1,3,5.571,2.516,55.4,C,4.04,6.18,89.4,73.6,41.2,61.6,69.4,45000,360.0,81.8,critique
R-077,Réducteur,reducteur,2021-05-18,1664.2,39940,20000,12289,275.6,3,7.855,3.553,60.0,D,3.99,6.62,90.1,75.0,58.2,77.8,71.7,45000,360.0,84.1,critique
R-077,Réducteur,reducteur,2021-05-18,1684.7,40433,20000,11974,2302.3,3,7.726,3.384,60.3,D,4.35,5.72,89.0,76.9,58.6,50.5,64.1,45000,360.0,86.4,critique
R-077,Réducteur,reducteur,2021-05-18,1705.3,40927,20000,11655,109.7,2,6.598,3.116,58.6,C,4.0,5.71,88.3,75.6,51.7,39.0,64.2,45000,360.0,88.6,critique
R-077,Réducteur,reducteur,2021-05-18,1725.8,41420,20000,11332,1458.8,4,6.44,2.815,63.0,C,3.94,6.25,89.4,75.1,56.6,10.3,65.3,45000,360.0,90.9,critique
R-077,Réducteur,reducteur,2021-05-18,1746.4,41913,20000,11005,471.7,3,7.388,3.159,59.2,D,4.36,5.98,88.3,73.9,51.5,39.9,64.2,45000,360.0,93.2,critique
R-077,Réducteur,reducteur,2021-05-18,1766.9,42406,20000,10674,1509.0,4,7.85,3.46,63.0,D,4.42,6.39,91.2,73.7,50.2,17.3,80.5,45000,360.0,95.5,critique
R-077,Réducteur,reducteur,2021-05-18,1787.5,42899,20000,10339,1205.6,3,6.689,2.887,63.4,C,4.49,6.34,89.1,72.9,48.2,6.2,70.8,45000,360.0,97.7,critique
R-077,Réducteur,reducteur,2021-05-18,1808.0,43392,20000,10000,64.8,4,7.778,3.527,67.1,D,4.75,6.42,88.6,74.3,52.9,-0.8,58.9,45000,360.0,100.0,critique
P-311,Pompe BP,pompe,2016-07-03,1794.0,43056,7500,7500,247.4,0,1.183,0.532,30.3,A,2.41,2.58,96.2,92.9,99.3,372.2,84.8,180000,1440.0,0.0,faible
P-311,Pompe BP,pompe,2016-07-03,1834.8,44035,7500,7487,1444.0,0,1.064,0.441,31.2,A,2.35,2.63,97.4,94.0,99.3,328.5,92.7,180000,1440.0,2.3,faible
P-311,Pompe BP,pompe,2016-07-03,1875.5,45013,7500,7464,828.8,0,1.036,0.493,32.4,A,2.75,3.49,96.6,93.4,93.5,369.2,85.0,180000,1440.0,4.5,faible
P-311,Pompe BP,pompe,2016-07-03,1916.3,45992,7500,7433,1451.9,0,2.264,1.154,33.9,A,2.97,2.89,95.4,91.5,95.3,343.9,81.9,180000,1440.0,6.8,faible
P-311,Pompe BP,pompe,2016-07-03,1957.1,46970,7500,7397,37.8,0,2.405,1.096,34.0,B,2.66,2.92,97.0,93.4,80.1,328.5,85.4,180000,1440.0,9.1,faible
P-311,Pompe BP,pompe,2016-07-03,1997.9,47949,7500,7356,5361.9,0,2.352,1.08,36.2,B,2.43,3.21,99.0,89.3,78.1,323.9,92.0,180000,1440.0,11.4,faible
P-311,Pompe BP,pompe,2016-07-03,2038.6,48927,7500,7311,627.9,0,0.76,0.327,35.9,A,2.96,3.24,97.8,90.3,83.1,316.5,76.4,180000,1440.0,13.6,faible
P-311,Pompe BP,pompe,2016-07-03,2079.4,49906,7500,7262,1840.4,0,1.523,0.811,37.1,A,2.86,2.22,95.2,88.7,94.8,319.1,88.7,180000,1440.0,15.9,faible
P-311,Pompe BP,pompe,2016-07-03,2120.2,50884,7500,7209,1549.0,0,2.324,1.109,38.2,B,2.79,3.55,96.7,89.3,91.0,317.0,83.1,180000,1440.0,18.2,faible
P-311,Pompe BP,pompe,2016-07-03,2161.0,51863,7500,7153,647.0,1,2.493,1.136,38.0,B,3.21,3.36,96.5,87.5,85.4,321.8,92.2,180000,1440.0,20.5,faible
P-311,Pompe BP,pompe,2016-07-03,2201.7,52841,7500,7094,1021.4,1,1.667,0.892,38.0,A,2.84,3.42,97.9,86.9,78.7,276.3,87.2,180000,1440.0,22.7,faible
P-311,Pompe BP,pompe,2016-07-03,2242.5,53820,7500,7031,88.9,0,3.283,1.393,36.6,B,3.01,3.78,94.6,87.3,83.5,281.3,81.8,180000,1440.0,25.0,faible
P-311,Pompe BP,pompe,2016-07-03,2283.3,54799,7500,6966,483.7,1,3.534,1.786,40.2,B,3.16,3.71,96.3,86.3,79.2,265.5,75.7,180000,1440.0,27.3,faible
P-311,Pompe BP,pompe,2016-07-03,2324.0,55777,7500,6898,1420.5,1,3.362,1.495,38.3,B,2.95,3.34,95.4,85.7,68.5,263.9,71.6,180000,1440.0,29.5,faible
P-311,Pompe BP,pompe,2016-07-03,2364.8,56756,7500,6827,444.9,0,4.564,2.098,38.4,C,2.99,3.97,95.2,82.9,71.1,277.7,87.0,180000,1440.0,31.8,moyen
P-311,Pompe BP,pompe,2016-07-03,2405.6,57734,7500,6754,697.7,1,2.627,1.187,43.9,B,3.16,4.0,94.6,86.8,84.1,250.1,81.2,180000,1440.0,34.1,moyen
P-311,Pompe BP,pompe,2016-07-03,2446.4,58713,7500,6678,1203.6,1,3.155,1.577,42.1,B,3.43,4.46,93.8,87.4,78.7,252.6,77.0,180000,1440.0,36.4,moyen
P-311,Pompe BP,pompe,2016-07-03,2487.1,59691,7500,6599,2346.8,1,3.593,1.702,42.3,B,3.08,4.34,93.4,84.0,80.7,215.4,81.0,180000,1440.0,38.6,moyen
P-311,Pompe BP,pompe,2016-07-03,2527.9,60670,7500,6519,366.4,1,3.148,1.49,44.1,B,3.41,4.32,94.3,83.0,81.2,222.6,81.2,180000,1440.0,40.9,moyen
P-311,Pompe BP,pompe,2016-07-03,2568.7,61648,7500,6436,1561.2,1,3.925,1.826,44.7,B,3.0,3.57,94.5,83.3,64.1,210.8,78.9,180000,1440.0,43.2,moyen
P-311,Pompe BP,pompe,2016-07-03,2609.5,62627,7500,6351,341.1,1,4.739,2.049,48.6,C,3.58,4.92,93.3,84.0,74.3,175.4,77.0,180000,1440.0,45.5,moyen
P-311,Pompe BP,pompe,2016-07-03,2650.2,63605,7500,6264,29.4,2,4.076,1.95,47.5,B,3.46,4.27,95.3,82.3,73.9,208.0,76.6,180000,1440.0,47.7,moyen
P-311,Pompe BP,pompe,2016-07-03,2691.0,64584,7500,6174,1932.6,2,4.058,1.897,42.8,B,3.78,4.44,92.9,80.8,74.0,187.1,79.7,180000,1440.0,50.0,moyen
P-311,Pompe BP,pompe,2016-07-03,2731.8,65563,7500,6083,1540.8,2,4.37,1.884,48.5,B,3.48,5.11,92.9,80.0,69.7,192.7,74.1,180000,1440.0,52.3,moyen
P-311,Pompe BP,pompe,2016-07-03,2772.5,66541,7500,5989,982.2,2,3.844,1.567,51.6,B,3.66,4.64,91.7,79.5,70.4,153.4,80.8,180000,1440.0,54.5,moyen
P-311,Pompe BP,pompe,2016-07-03,2813.3,67520,7500,5894,1122.5,2,5.238,2.375,52.5,C,3.77,5.11,92.8,80.4,65.7,173.3,69.6,180000,1440.0,56.8,eleve
P-311,Pompe BP,pompe,2016-07-03,2854.1,68498,7500,5797,362.9,3,5.225,2.422,54.4,C,3.68,5.91,93.4,79.7,77.6,161.1,70.6,180000,1440.0,59.1,eleve
P-311,Pompe BP,pompe,2016-07-03,2894.9,69477,7500,5697,987.0,2,5.529,2.594,53.5,C,4.0,5.68,91.0,78.0,66.1,138.3,74.1,180000,1440.0,61.4,eleve
P-311,Pompe BP,pompe,2016-07-03,2935.6,70455,7500,5596,286.4,2,4.99,2.25,53.1,C,3.67,4.67,92.7,80.8,62.3,131.9,72.7,180000,1440.0,63.6,eleve
P-311,Pompe BP,pompe,2016-07-03,2976.4,71434,7500,5493,1529.2,1,5.251,2.391,56.4,C,3.43,5.26,91.7,77.5,63.9,130.1,71.5,180000,1440.0,65.9,eleve
P-311,Pompe BP,pompe,2016-07-03,3017.2,72412,7500,5389,244.8,3,5.615,2.398,53.2,C,3.78,5.12,90.8,79.8,68.3,113.4,72.6,180000,1440.0,68.2,eleve
P-311,Pompe BP,pompe,2016-07-03,3058.0,73391,7500,5282,2693.5,2,6.074,2.734,54.4,C,3.81,5.31,90.9,78.1,63.9,111.3,75.1,180000,1440.0,70.5,eleve
P-311,Pompe BP,pompe,2016-07-03,3098.7,74369,7500,5174,2078.1,2,6.23,2.845,55.7,C,4.26,6.13,91.1,79.2,60.0,101.8,72.3,180000,1440.0,72.7,eleve
P-311,Pompe BP,pompe,2016-07-03,3139.5,75348,7500,5064,807.4,2,5.899,2.689,55.7,C,4.15,6.0,91.0,79.6,59.8,81.6,76.5,180000,1440.0,75.0,critique
P-311,Pompe BP,pompe,2016-07-03,3180.3,76327,7500,4953,1234.7,2,5.814,2.678,57.1,C,4.47,5.53,89.0,78.1,56.8,77.6,69.6,180000,1440.0,77.3,critique
P-311,Pompe BP,pompe,2016-07-03,3221.0,77305,7500,4840,1441.4,2,6.555,2.869,55.1,C,3.89,5.29,90.7,78.3,58.3,76.4,73.3,180000,1440.0,79.5,critique
P-311,Pompe BP,pompe,2016-07-03,3261.8,78284,7500,4725,2761.3,3,6.888,3.211,57.0,C,4.19,5.73,87.8,78.5,58.8,48.2,74.4,180000,1440.0,81.8,critique
P-311,Pompe BP,pompe,2016-07-03,3302.6,79262,7500,4608,287.6,4,6.366,2.783,63.7,C,4.05,5.93,89.2,75.5,63.8,26.2,64.3,180000,1440.0,84.1,critique
P-311,Pompe BP,pompe,2016-07-03,3343.4,80241,7500,4490,214.7,3,6.989,3.143,57.0,C,4.18,5.49,91.2,75.7,53.0,21.7,70.7,180000,1440.0,86.4,critique
P-311,Pompe BP,pompe,2016-07-03,3384.1,81219,7500,4371,3454.4,4,6.865,3.11,63.1,C,4.71,6.08,88.8,75.1,53.9,17.6,69.1,180000,1440.0,88.6,critique
P-311,Pompe BP,pompe,2016-07-03,3424.9,82198,7500,4250,3929.9,3,6.885,3.07,63.7,C,4.08,5.34,89.0,76.3,52.2,56.3,69.8,180000,1440.0,90.9,critique
P-311,Pompe BP,pompe,2016-07-03,3465.7,83176,7500,4127,2975.8,3,7.009,3.088,62.7,C,4.3,6.26,90.3,73.8,54.3,-27.0,66.1,180000,1440.0,93.2,critique
P-311,Pompe BP,pompe,2016-07-03,3506.5,84155,7500,4003,3070.5,4,7.161,3.011,63.5,D,4.2,5.83,87.7,74.3,50.1,26.3,60.7,180000,1440.0,95.5,critique
P-311,Pompe BP,pompe,2016-07-03,3547.2,85133,7500,3877,2263.9,3,7.267,3.255,65.2,D,4.71,5.7,88.7,72.5,52.7,17.7,78.8,180000,1440.0,97.7,critique
P-311,Pompe BP,pompe,2016-07-03,3588.0,86112,7500,3750,3453.6,4,8.398,3.707,66.4,D,4.58,6.22,87.5,70.6,59.4,-11.1,60.8,180000,1440.0,100.0,critique
V-401,Ventilateur PR,ventilateur,2022-02-14,768.0,18432,16000,16000,77.5,0,1.457,0.694,31.3,A,2.5,2.97,98.9,91.7,97.0,376.6,83.5,95000,760.0,0.0,faible
V-401,Ventilateur PR,ventilateur,2022-02-14,785.5,18851,16000,15973,297.8,0,1.073,0.458,28.1,A,2.52,2.29,98.4,91.6,88.8,344.9,92.5,95000,760.0,2.3,faible
V-401,Ventilateur PR,ventilateur,2022-02-14,802.9,19270,16000,15922,311.0,0,1.227,0.607,32.3,A,2.57,3.25,94.7,91.1,94.9,364.0,87.8,95000,760.0,4.5,faible
V-401,Ventilateur PR,ventilateur,2022-02-14,820.4,19689,16000,15858,92.4,0,1.146,0.41,31.6,A,2.62,3.04,95.4,92.5,100,365.9,89.9,95000,760.0,6.8,faible
V-401,Ventilateur PR,ventilateur,2022-02-14,837.8,20108,16000,15781,1410.5,0,1.292,0.599,33.4,A,2.87,2.89,97.9,92.7,97.6,329.9,98.0,95000,760.0,9.1,faible
V-401,Ventilateur PR,ventilateur,2022-02-14,855.3,20527,16000,15694,291.0,0,2.491,1.242,31.0,B,2.9,3.17,97.1,86.4,92.8,325.0,98.2,95000,760.0,11.4,faible
V-401,Ventilateur PR,ventilateur,2022-02-14,872.7,20945,16000,15597,685.4,0,1.662,0.631,32.8,A,2.62,3.14,97.1,88.5,84.2,296.6,86.2,95000,760.0,13.6,faible
V-401,Ventilateur PR,ventilateur,2022-02-14,890.2,21364,16000,15492,429.5,0,3.059,1.476,34.0,B,3.2,3.27,95.8,90.7,81.9,301.2,94.4,95000,760.0,15.9,faible
V-401,Ventilateur PR,ventilateur,2022-02-14,907.6,21783,16000,15380,671.9,0,2.436,1.185,36.0,B,2.84,3.65,96.9,86.9,84.9,328.2,97.3,95000,760.0,18.2,faible
V-401,Ventilateur PR,ventilateur,2022-02-14,925.1,22202,16000,15260,369.1,0,2.851,1.354,34.2,B,3.1,3.89,95.9,86.5,83.6,285.0,80.7,95000,760.0,20.5,faible
V-401,Ventilateur PR,ventilateur,2022-02-14,942.5,22621,16000,15133,489.0,0,1.727,0.859,40.8,A,2.95,3.39,96.5,87.6,83.9,291.7,83.7,95000,760.0,22.7,faible
V-401,Ventilateur PR,ventilateur,2022-02-14,960.0,23040,16000,15000,774.1,1,3.0,1.163,36.9,B,3.1,3.54,95.7,85.8,86.2,282.7,84.4,95000,760.0,25.0,faible
V-401,Ventilateur PR,ventilateur,2022-02-14,977.5,23459,16000,14861,46.7,1,2.6,1.109,40.5,B,2.82,4.22,94.0,84.5,80.7,302.2,87.0,95000,760.0,27.3,faible
V-401,Ventilateur PR,ventilateur,2022-02-14,994.9,23878,16000,14715,523.3,2,3.111,1.517,40.9,B,2.82,3.41,97.1,87.8,83.5,259.9,86.3,95000,760.0,29.5,faible
V-401,Ventilateur PR,ventilateur,2022-02-14,1012.4,24297,16000,14564,1896.1,1,3.374,1.584,39.1,B,3.23,4.02,94.6,87.5,72.3,217.3,86.3,95000,760.0,31.8,moyen
V-401,Ventilateur PR,ventilateur,2022-02-14,1029.8,24716,16000,14408,703.1,1,3.897,1.672,42.7,B,3.0,3.91,95.1,84.5,81.5,226.8,77.9,95000,760.0,34.1,moyen
V-401,Ventilateur PR,ventilateur,2022-02-14,1047.3,25135,16000,14246,175.8,1,4.111,1.789,41.4,B,3.55,4.51,96.0,85.5,74.1,244.7,78.6,95000,760.0,36.4,moyen
V-401,Ventilateur PR,ventilateur,2022-02-14,1064.7,25553,16000,14079,711.3,1,4.477,2.023,42.5,B,3.35,4.57,93.9,83.9,82.9,226.3,86.6,95000,760.0,38.6,moyen
V-401,Ventilateur PR,ventilateur,2022-02-14,1082.2,25972,16000,13907,89.6,1,3.358,1.515,43.7,B,3.03,4.26,95.1,83.6,74.5,195.1,74.4,95000,760.0,40.9,moyen
V-401,Ventilateur PR,ventilateur,2022-02-14,1099.6,26391,16000,13730,1592.6,1,4.517,2.037,46.1,C,3.7,3.92,94.9,84.2,73.0,203.0,67.9,95000,760.0,43.2,moyen
V-401,Ventilateur PR,ventilateur,2022-02-14,1117.1,26810,16000,13548,105.3,1,4.68,1.881,48.0,C,3.5,4.79,93.3,85.5,73.9,206.1,82.8,95000,760.0,45.5,moyen
V-401,Ventilateur PR,ventilateur,2022-02-14,1134.5,27229,16000,13362,382.6,1,4.794,2.197,47.1,C,3.21,5.71,93.4,82.4,75.4,204.7,72.8,95000,760.0,47.7,moyen
V-401,Ventilateur PR,ventilateur,2022-02-14,1152.0,27648,16000,13172,3480.6,2,3.959,1.791,47.2,B,3.26,3.64,91.8,80.0,66.1,181.8,70.0,95000,760.0,50.0,moyen
V-401,Ventilateur PR,ventilateur,2022-02-14,1169.5,28067,16000,12977,1728.5,1,4.978,2.231,44.7,C,3.25,4.51,92.0,80.9,70.5,156.8,74.3,95000,760.0,52.3,moyen
V-401,Ventilateur PR,ventilateur,2022-02-14,1186.9,28486,16000,12777,102.7,2,4.391,1.86,47.9,B,3.66,4.67,92.2,80.5,68.7,181.5,71.9,95000,760.0,54.5,moyen
V-401,Ventilateur PR,ventilateur,2022-02-14,1204.4,28905,16000,12574,734.3,1,5.748,2.732,47.8,C,4.14,4.12,90.6,83.4,78.3,152.3,85.0,95000,760.0,56.8,eleve
V-401,Ventilateur PR,ventilateur,2022-02-14,1221.8,29324,16000,12366,1319.4,3,4.964,2.156,50.1,C,3.85,4.46,92.2,79.0,74.1,131.2,77.7,95000,760.0,59.1,eleve
V-401,Ventilateur PR,ventilateur,2022-02-14,1239.3,29743,16000,12154,811.0,1,4.498,2.034,52.1,B,3.75,4.8,90.7,79.7,70.4,129.2,78.2,95000,760.0,61.4,eleve
V-401,Ventilateur PR,ventilateur,2022-02-14,1256.7,30161,16000,11939,431.8,2,5.181,2.322,54.8,C,3.75,5.25,91.1,76.7,64.8,142.9,71.1,95000,760.0,63.6,eleve
V-401,Ventilateur PR,ventilateur,2022-02-14,1274.2,30580,16000,11719,3027.5,2,5.755,2.519,51.3,C,4.21,5.26,90.4,77.9,68.0,134.3,73.4,95000,760.0,65.9,eleve
V-401,Ventilateur PR,ventilateur,2022-02-14,1291.6,30999,16000,11496,100.3,1,5.716,2.414,55.9,C,3.75,5.12,89.7,80.5,68.4,94.9,74.3,95000,760.0,68.2,eleve
V-401,Ventilateur PR,ventilateur,2022-02-14,1309.1,31418,16000,11269,1624.6,1,5.627,2.529,54.5,C,4.27,4.74,91.9,78.4,68.8,95.6,64.3,95000,760.0,70.5,eleve
V-401,Ventilateur PR,ventilateur,2022-02-14,1326.5,31837,16000,11038,1064.7,2,5.958,2.632,54.1,C,4.14,5.12,89.4,74.3,68.6,71.9,66.4,95000,760.0,72.7,eleve
V-401,Ventilateur PR,ventilateur,2022-02-14,1344.0,32256,16000,10804,774.1,2,6.206,2.884,54.6,C,4.07,5.22,89.1,76.8,57.9,90.4,79.9,95000,760.0,75.0,critique
V-401,Ventilateur PR,ventilateur,2022-02-14,1361.5,32675,16000,10566,154.9,3,5.226,2.365,56.0,C,3.76,5.98,89.9,75.9,55.9,82.3,68.9,95000,760.0,77.3,critique
V-401,Ventilateur PR,ventilateur,2022-02-14,1378.9,33094,16000,10324,18.3,4,6.605,2.911,55.9,C,4.38,5.94,88.6,76.1,57.8,23.3,71.6,95000,760.0,79.5,critique
V-401,Ventilateur PR,ventilateur,2022-02-14,1396.4,33513,16000,10079,396.6,2,6.549,2.977,59.0,C,4.02,5.72,89.4,73.3,51.8,84.7,64.2,95000,760.0,81.8,critique
V-401,Ventilateur PR,ventilateur,2022-02-14,1413.8,33932,16000,9831,196.5,2,6.775,3.331,61.7,C,4.34,6.05,91.3,73.3,62.2,38.1,67.3,95000,760.0,84.1,critique
V-401,Ventilateur PR,ventilateur,2022-02-14,1431.3,34351,16000,9579,22.0,3,6.196,2.734,62.3,C,4.11,5.74,92.0,76.1,55.0,86.7,61.6,95000,760.0,86.4,critique
V-401,Ventilateur PR,ventilateur,2022-02-14,1448.7,34769,16000,9324,419.0,2,6.324,2.883,56.1,C,4.37,5.58,88.6,73.7,55.1,52.1,70.6,95000,760.0,88.6,critique
V-401,Ventilateur PR,ventilateur,2022-02-14,1466.2,35188,16000,9066,187.1,3,7.402,3.376,61.4,D,4.11,6.44,90.4,75.3,57.0,22.5,64.9,95000,760.0,90.9,critique
V-401,Ventilateur PR,ventilateur,2022-02-14,1483.6,35607,16000,8804,1060.0,3,7.721,3.38,56.8,D,4.54,6.74,87.7,73.9,46.9,18.6,68.3,95000,760.0,93.2,critique
V-401,Ventilateur PR,ventilateur,2022-02-14,1501.1,36026,16000,8539,166.5,3,6.395,2.819,65.0,C,4.35,5.95,90.2,75.3,63.6,32.8,68.9,95000,760.0,95.5,critique
V-401,Ventilateur PR,ventilateur,2022-02-14,1518.5,36445,16000,8271,2833.0,3,7.46,3.321,66.7,D,4.11,6.32,88.4,72.5,58.5,-0.0,70.2,95000,760.0,97.7,critique
V-401,Ventilateur PR,ventilateur,2022-02-14,1536.0,36864,16000,8000,331.3,4,8.044,3.723,64.1,D,4.07,5.91,89.2,70.5,58.3,8.3,65.4,95000,760.0,100.0,critique
C-210,Compresseur HP,compresseur,2020-10-01,1018.5,24444,9500,9500,56.1,0,1.073,0.526,27.3,A,2.65,1.81,97.7,92.7,87.4,355.1,86.1,520000,4160.0,0.0,faible
C-210,Compresseur HP,compresseur,2020-10-01,1041.6,25000,9500,9484,724.4,0,0.697,0.495,29.7,A,2.47,2.56,97.8,91.6,87.1,372.1,87.8,520000,4160.0,2.3,faible
C-210,Compresseur HP,compresseur,2020-10-01,1064.8,25555,9500,9454,212.9,0,1.509,0.684,33.6,A,2.67,2.45,96.8,93.9,88.3,347.9,87.5,520000,4160.0,4.5,faible
C-210,Compresseur HP,compresseur,2020-10-01,1087.9,26111,9500,9415,79.4,0,1.71,0.665,35.2,A,2.66,3.11,98.5,93.4,91.5,333.0,89.5,520000,4160.0,6.8,faible
C-210,Compresseur HP,compresseur,2020-10-01,1111.1,26666,9500,9370,1371.9,0,0.68,0.22,32.4,A,2.79,2.71,97.0,88.2,90.6,332.4,90.5,520000,4160.0,9.1,faible
C-210,Compresseur HP,compresseur,2020-10-01,1134.2,27222,9500,9318,149.4,1,1.795,0.789,33.0,A,2.29,2.86,96.0,88.8,93.5,312.2,83.0,520000,4160.0,11.4,faible
C-210,Compresseur HP,compresseur,2020-10-01,1157.4,27777,9500,9261,873.7,0,2.309,1.032,34.2,B,2.57,3.27,98.0,89.4,93.1,291.2,89.5,520000,4160.0,13.6,faible
C-210,Compresseur HP,compresseur,2020-10-01,1180.5,28333,9500,9199,906.0,0,1.697,0.758,36.5,A,2.73,2.97,95.8,86.7,87.4,331.5,81.6,520000,4160.0,15.9,faible
C-210,Compresseur HP,compresseur,2020-10-01,1203.7,28888,9500,9132,229.7,0,1.837,0.928,36.1,A,3.2,3.58,94.5,89.8,77.6,324.0,84.1,520000,4160.0,18.2,faible
C-210,Compresseur HP,compresseur,2020-10-01,1226.8,29444,9500,9061,510.0,1,2.242,1.105,36.2,A,2.58,3.99,95.4,85.8,86.1,291.3,84.7,520000,4160.0,20.5,faible
C-210,Compresseur HP,compresseur,2020-10-01,1250.0,29999,9500,8985,104.7,1,3.237,1.474,37.4,B,2.85,3.18,94.7,88.8,76.7,293.9,80.5,520000,4160.0,22.7,faible
C-210,Compresseur HP,compresseur,2020-10-01,1273.1,30555,9500,8906,25.9,0,2.929,1.337,33.6,B,2.84,3.87,95.3,87.3,83.0,264.5,85.0,520000,4160.0,25.0,faible
C-210,Compresseur HP,compresseur,2020-10-01,1296.3,31111,9500,8823,394.1,1,2.825,1.174,38.5,B,2.98,3.38,95.6,90.3,79.5,245.3,89.7,520000,4160.0,27.3,faible
C-210,Compresseur HP,compresseur,2020-10-01,1319.4,31666,9500,8737,764.5,1,3.086,1.37,41.1,B,3.25,3.56,95.7,89.5,87.7,273.5,76.4,520000,4160.0,29.5,faible
C-210,Compresseur HP,compresseur,2020-10-01,1342.6,32222,9500,8647,1032.8,0,2.997,1.216,42.2,B,3.35,4.02,94.5,85.4,83.4,254.2,80.8,520000,4160.0,31.8,moyen
C-210,Compresseur HP,compresseur,2020-10-01,1365.7,32777,9500,8555,1847.6,0,2.966,1.344,42.9,B,3.42,4.3,94.1,82.9,79.2,242.6,85.3,520000,4160.0,34.1,moyen
C-210,Compresseur HP,compresseur,2020-10-01,1388.9,33333,9500,8458,41.9,1,3.931,1.736,43.3,B,3.08,4.15,94.9,84.7,80.7,249.7,75.4,520000,4160.0,36.4,moyen
C-210,Compresseur HP,compresseur,2020-10-01,1412.0,33888,9500,8359,638.4,0,2.433,1.143,38.5,B,3.46,4.27,91.9,82.1,71.0,220.8,74.6,520000,4160.0,38.6,moyen
C-210,Compresseur HP,compresseur,2020-10-01,1435.2,34444,9500,8257,817.3,1,3.529,1.57,47.2,B,3.14,4.18,93.4,84.4,70.8,230.5,78.1,520000,4160.0,40.9,moyen
C-210,Compresseur HP,compresseur,2020-10-01,1458.3,34999,9500,8152,434.3,2,3.939,1.795,44.2,B,3.41,3.91,94.5,83.2,72.1,219.3,79.2,520000,4160.0,43.2,moyen
C-210,Compresseur HP,compresseur,2020-10-01,1481.5,35555,9500,8044,322.9,1,4.537,2.065,44.8,C,3.14,3.86,93.1,83.3,68.1,194.1,78.9,520000,4160.0,45.5,moyen
C-210,Compresseur HP,compresseur,2020-10-01,1504.6,36110,9500,7934,538.3,2,4.519,1.908,51.0,C,3.27,4.39,94.1,79.9,71.4,176.2,75.1,520000,4160.0,47.7,moyen
C-210,Compresseur HP,compresseur,2020-10-01,1527.8,36666,9500,7821,2379.8,1,5.661,2.616,49.6,C,3.21,4.46,93.5,79.8,76.4,173.0,88.3,520000,4160.0,50.0,moyen
C-210,Compresseur HP,compresseur,2020-10-01,1550.9,37222,9500,7705,318.9,2,4.884,2.343,44.8,C,3.75,5.12,91.5,79.9,69.2,195.7,65.6,520000,4160.0,52.3,moyen
C-210,Compresseur HP,compresseur,2020-10-01,1574.0,37777,9500,7586,2790.8,1,4.902,2.178,48.7,C,3.29,4.56,92.3,83.4,72.2,156.6,73.6,520000,4160.0,54.5,moyen
C-210,Compresseur HP,compresseur,2020-10-01,1597.2,38333,9500,7466,667.9,2,5.317,2.386,50.6,C,3.56,4.74,91.3,79.3,70.0,183.1,74.5,520000,4160.0,56.8,eleve
C-210,Compresseur HP,compresseur,2020-10-01,1620.3,38888,9500,7342,189.0,2,6.405,2.763,48.5,C,3.29,4.02,94.3,80.6,77.0,131.2,72.8,520000,4160.0,59.1,eleve
C-210,Compresseur HP,compresseur,2020-10-01,1643.5,39444,9500,7217,460.1,2,5.029,2.345,51.4,C,3.68,4.7,91.8,79.5,68.4,123.3,79.1,520000,4160.0,61.4,eleve
C-210,Compresseur HP,compresseur,2020-10-01,1666.6,39999,9500,7089,1905.0,2,5.268,2.395,55.1,C,3.84,3.81,91.4,78.6,66.8,149.7,64.6,520000,4160.0,63.6,eleve
C-210,Compresseur HP,compresseur,2020-10-01,1689.8,40555,9500,6958,514.5,2,6.294,2.744,56.3,C,3.93,5.28,91.9,78.7,56.0,162.9,78.3,520000,4160.0,65.9,eleve
C-210,Compresseur HP,compresseur,2020-10-01,1712.9,41110,9500,6826,2529.4,2,5.351,2.444,52.6,C,3.83,5.02,91.9,79.2,68.5,126.3,82.4,520000,4160.0,68.2,eleve
C-210,Compresseur HP,compresseur,2020-10-01,1736.1,41666,9500,6691,104.1,2,5.614,2.434,52.4,C,3.89,5.35,91.5,76.7,60.3,106.2,68.3,520000,4160.0,70.5,eleve
C-210,Compresseur HP,compresseur,2020-10-01,1759.2,42221,9500,6554,496.0,2,6.438,2.921,56.1,C,4.01,5.24,92.1,74.5,61.3,102.2,68.5,520000,4160.0,72.7,eleve
C-210,Compresseur HP,compresseur,2020-10-01,1782.4,42777,9500,6415,2700.4,3,6.268,2.754,56.7,C,3.86,5.7,91.1,77.5,61.7,83.7,81.0,520000,4160.0,75.0,critique
C-210,Compresseur HP,compresseur,2020-10-01,1805.5,43333,9500,6273,560.6,3,6.942,3.077,57.8,C,3.8,5.72,87.7,77.8,63.4,104.9,65.1,520000,4160.0,77.3,critique
C-210,Compresseur HP,compresseur,2020-10-01,1828.7,43888,9500,6130,1429.8,4,6.765,3.112,56.3,C,3.97,5.98,91.3,73.6,58.8,44.2,70.4,520000,4160.0,79.5,critique
C-210,Compresseur HP,compresseur,2020-10-01,1851.8,44444,9500,5985,1603.5,3,6.373,2.907,62.7,C,4.36,5.96,89.1,71.7,58.9,84.5,72.8,520000,4160.0,81.8,critique
C-210,Compresseur HP,compresseur,2020-10-01,1875.0,44999,9500,5837,635.6,2,7.136,3.241,56.2,D,3.92,5.91,89.4,74.6,56.3,88.0,64.4,520000,4160.0,84.1,critique
C-210,Compresseur HP,compresseur,2020-10-01,1898.1,45555,9500,5688,882.3,3,7.35,3.308,64.3,D,4.46,5.61,88.5,74.4,60.4,15.6,69.2,520000,4160.0,86.4,critique
C-210,Compresseur HP,compresseur,2020-10-01,1921.3,46110,9500,5536,319.3,4,7.325,3.308,65.3,D,4.3,6.18,88.5,74.4,60.9,77.0,62.6,520000,4160.0,88.6,critique
C-210,Compresseur HP,compresseur,2020-10-01,1944.4,46666,9500,5383,1503.8,3,5.792,2.624,61.0,C,4.51,6.58,88.3,75.0,64.3,25.2,63.0,520000,4160.0,90.9,critique
C-210,Compresseur HP,compresseur,2020-10-01,1967.6,47221,9500,5227,1094.3,4,7.928,3.506,63.9,D,4.52,6.35,88.2,74.6,55.9,23.7,63.4,520000,4160.0,93.2,critique
C-210,Compresseur HP,compresseur,2020-10-01,1990.7,47777,9500,5070,450.1,3,6.959,3.122,66.9,C,4.09,6.02,89.3,76.1,60.9,4.3,61.1,520000,4160.0,95.5,critique
C-210,Compresseur HP,compresseur,2020-10-01,2013.9,48332,9500,4911,1204.5,3,7.85,3.474,63.0,D,4.35,6.54,85.9,70.2,54.9,16.0,66.1,520000,4160.0,97.7,critique
C-210,Compresseur HP,compresseur,2020-10-01,2037.0,48888,9500,4750,673.7,3,7.885,3.457,63.6,D,4.65,6.61,88.7,72.8,55.9,-24.3,68.5,520000,4160.0,100.0,critique
M-102,Moteur 150kW,moteur,2019-04-30,1278.5,30684,14000,14000,43.1,0,2.178,1.053,30.4,A,2.35,2.12,97.7,92.0,93.3,359.5,84.6,110000,880.0,0.0,faible
M-102,Moteur 150kW,moteur,2019-04-30,1307.6,31381,14000,13976,90.2,0,0.378,0.197,27.2,A,2.5,2.71,99.5,90.6,96.6,366.2,86.0,110000,880.0,2.3,faible
M-102,Moteur 150kW,moteur,2019-04-30,1336.6,32079,14000,13932,1542.5,0,1.966,0.773,32.0,A,2.61,3.09,99.2,88.2,98.3,377.0,91.3,110000,880.0,4.5,faible
M-102,Moteur 150kW,moteur,2019-04-30,1365.7,32776,14000,13875,681.8,1,1.181,0.563,31.9,A,2.82,2.89,97.1,89.2,93.3,337.5,94.7,110000,880.0,6.8,faible
M-102,Moteur 150kW,moteur,2019-04-30,1394.7,33473,14000,13808,1123.4,0,1.304,0.604,34.4,A,2.66,3.06,98.4,91.0,91.6,335.4,90.0,110000,880.0,9.1,faible
M-102,Moteur 150kW,moteur,2019-04-30,1423.8,34171,14000,13732,494.0,0,3.109,1.443,31.0,B,3.08,3.14,97.2,89.9,100,308.2,90.1,110000,880.0,11.4,faible
M-102,Moteur 150kW,moteur,2019-04-30,1452.8,34868,14000,13648,325.7,0,1.775,0.926,35.3,A,2.56,3.09,97.1,89.9,100,314.1,86.9,110000,880.0,13.6,faible
M-102,Moteur 150kW,moteur,2019-04-30,1481.9,35566,14000,13556,383.2,1,2.127,0.857,30.9,A,2.9,4.04,96.0,89.4,90.3,272.3,80.7,110000,880.0,15.9,faible
M-102,Moteur 150kW,moteur,2019-04-30,1511.0,36263,14000,13457,572.4,0,2.361,0.999,36.5,B,2.71,3.32,97.0,89.4,87.3,326.8,81.4,110000,880.0,18.2,faible
M-102,Moteur 150kW,moteur,2019-04-30,1540.0,36960,14000,13352,443.5,1,2.48,1.15,37.1,B,2.76,3.64,94.7,92.9,82.6,286.1,90.9,110000,880.0,20.5,faible
M-102,Moteur 150kW,moteur,2019-04-30,1569.1,37658,14000,13242,1173.9,0,2.297,1.001,42.8,A,3.12,2.73,95.1,86.3,80.1,272.2,80.2,110000,880.0,22.7,faible
M-102,Moteur 150kW,moteur,2019-04-30,1598.1,38355,14000,13125,373.9,0,3.243,1.563,38.1,B,3.29,3.39,96.2,86.8,78.0,283.2,76.1,110000,880.0,25.0,faible
M-102,Moteur 150kW,moteur,2019-04-30,1627.2,39052,14000,13003,18.0,0,2.599,1.119,37.3,B,3.23,4.46,95.9,86.7,78.3,242.4,80.8,110000,880.0,27.3,faible
M-102,Moteur 150kW,moteur,2019-04-30,1656.2,39750,14000,12876,58.9,0,2.489,1.054,41.2,B,2.92,3.76,95.6,87.8,74.2,255.5,91.5,110000,880.0,29.5,faible
M-102,Moteur 150kW,moteur,2019-04-30,1685.3,40447,14000,12744,38.3,0,3.938,1.743,40.5,B,3.37,3.85,94.6,84.6,70.5,235.3,85.5,110000,880.0,31.8,moyen
M-102,Moteur 150kW,moteur,2019-04-30,1714.4,41144,14000,12607,33.0,0,3.181,1.377,40.3,B,2.99,3.73,94.4,86.9,86.7,230.5,84.7,110000,880.0,34.1,moyen
M-102,Moteur 150kW,moteur,2019-04-30,1743.4,41842,14000,12465,286.5,1,3.836,1.605,41.2,B,3.64,4.07,94.5,83.8,79.3,223.0,75.5,110000,880.0,36.4,moyen
M-102,Moteur 150kW,moteur,2019-04-30,1772.5,42539,14000,12319,1414.1,0,4.084,1.794,41.2,B,3.19,4.33,94.0,84.1,75.3,210.0,77.4,110000,880.0,38.6,moyen
M-102,Moteur 150kW,moteur,2019-04-30,1801.5,43237,14000,12168,440.8,1,3.488,1.472,44.0,B,3.42,4.2,93.7,84.7,73.6,209.9,84.4,110000,880.0,40.9,moyen
M-102,Moteur 150kW,moteur,2019-04-30,1830.6,43934,14000,12014,194.0,1,3.312,1.535,42.9,B,3.4,4.36,95.8,82.9,76.1,206.2,84.4,110000,880.0,43.2,moyen
M-102,Moteur 150kW,moteur,2019-04-30,1859.6,44631,14000,11855,1491.6,2,4.466,1.923,46.5,B,3.58,4.85,94.5,79.1,72.8,195.7,73.4,110000,880.0,45.5,moyen
M-102,Moteur 150kW,moteur,2019-04-30,1888.7,45329,14000,11692,75.5,1,4.61,1.949,47.0,C,3.1,4.09,93.3,82.7,78.6,210.2,81.6,110000,880.0,47.7,moyen
M-102,Moteur 150kW,moteur,2019-04-30,1917.8,46026,14000,11525,1947.7,2,4.705,2.051,44.6,C,3.82,4.82,92.4,80.1,74.1,167.8,89.8,110000,880.0,50.0,moyen
M-102,Moteur 150kW,moteur,2019-04-30,1946.8,46723,14000,11354,1420.9,1,4.167,1.92,47.6,B,3.59,4.08,93.6,82.7,77.8,174.3,81.9,110000,880.0,52.3,moyen
M-102,Moteur 150kW,moteur,2019-04-30,1975.9,47421,14000,11180,2662.9,1,5.099,2.257,50.7,C,3.08,5.07,92.5,79.3,76.9,171.0,75.9,110000,880.0,54.5,moyen
M-102,Moteur 150kW,moteur,2019-04-30,2004.9,48118,14000,11002,1417.4,2,4.775,2.134,48.2,C,3.82,5.06,92.6,76.7,63.6,180.4,77.3,110000,880.0,56.8,eleve
M-102,Moteur 150kW,moteur,2019-04-30,2034.0,48815,14000,10820,1069.5,1,5.072,2.235,50.6,C,3.94,4.15,93.3,80.6,71.6,147.4,67.4,110000,880.0,59.1,eleve
M-102,Moteur 150kW,moteur,2019-04-30,2063.0,49513,14000,10635,7535.9,2,5.167,2.345,52.1,C,3.57,4.88,89.9,78.0,58.8,123.5,76.7,110000,880.0,61.4,eleve
M-102,Moteur 150kW,moteur,2019-04-30,2092.1,50210,14000,10447,412.1,1,5.442,2.283,53.0,C,3.83,5.62,92.4,78.8,70.9,140.2,80.1,110000,880.0,63.6,eleve
M-102,Moteur 150kW,moteur,2019-04-30,2121.1,50908,14000,10254,387.0,3,6.219,2.93,52.0,C,3.83,5.41,91.5,77.6,62.5,121.6,77.2,110000,880.0,65.9,eleve
M-102,Moteur 150kW,moteur,2019-04-30,2150.2,51605,14000,10059,1404.5,2,5.49,2.397,51.6,C,4.04,5.26,91.8,80.4,64.1,123.7,68.6,110000,880.0,68.2,eleve
M-102,Moteur 150kW,moteur,2019-04-30,2179.3,52302,14000,9860,716.4,3,5.616,2.377,54.8,C,3.99,6.18,91.7,78.8,65.6,122.0,74.5,110000,880.0,70.5,eleve
M-102,Moteur 150kW,moteur,2019-04-30,2208.3,53000,14000,9658,240.3,3,5.352,2.408,57.1,C,3.94,5.29,90.7,78.6,64.8,114.0,68.6,110000,880.0,72.7,eleve
M-102,Moteur 150kW,moteur,2019-04-30,2237.4,53697,14000,9453,283.5,3,6.923,3.182,56.9,C,3.98,6.09,91.6,78.1,60.7,72.7,74.1,110000,880.0,75.0,critique
M-102,Moteur 150kW,moteur,2019-04-30,2266.4,54394,14000,9245,7520.4,2,5.9,2.603,53.9,C,4.26,5.05,90.3,76.0,61.0,87.7,72.0,110000,880.0,77.3,critique
M-102,Moteur 150kW,moteur,2019-04-30,2295.5,55092,14000,9034,1558.6,3,6.273,2.832,58.9,C,3.95,5.78,89.6,76.3,65.2,78.8,67.9,110000,880.0,79.5,critique
M-102,Moteur 150kW,moteur,2019-04-30,2324.5,55789,14000,8819,1253.4,3,7.052,3.226,59.4,C,3.96,5.8,89.3,75.2,52.5,54.9,73.4,110000,880.0,81.8,critique
M-102,Moteur 150kW,moteur,2019-04-30,2353.6,56486,14000,8602,55.8,3,6.319,2.797,59.3,C,3.7,6.23,89.7,73.3,50.5,53.0,69.9,110000,880.0,84.1,critique
M-102,Moteur 150kW,moteur,2019-04-30,2382.7,57184,14000,8382,383.5,3,7.459,3.313,62.1,D,4.2,5.75,88.7,72.3,56.2,42.9,66.6,110000,880.0,86.4,critique
M-102,Moteur 150kW,moteur,2019-04-30,2411.7,57881,14000,8159,1167.8,3,6.112,2.796,62.8,C,4.57,5.18,89.7,73.5,56.1,63.2,67.5,110000,880.0,88.6,critique
M-102,Moteur 150kW,moteur,2019-04-30,2440.8,58579,14000,7933,629.1,3,6.99,3.228,59.5,C,4.24,6.48,87.9,71.7,52.9,50.6,69.6,110000,880.0,90.9,critique
M-102,Moteur 150kW,moteur,2019-04-30,2469.8,59276,14000,7704,3027.3,3,7.191,3.186,66.1,D,4.67,5.76,89.2,73.5,51.2,29.2,63.7,110000,880.0,93.2,critique
M-102,Moteur 150kW,moteur,2019-04-30,2498.9,59973,14000,7472,3624.4,4,6.642,3.001,60.1,C,4.15,5.35,86.4,73.3,60.0,40.6,63.9,110000,880.0,95.5,critique
M-102,Moteur 150kW,moteur,2019-04-30,2527.9,60671,14000,7237,805.0,4,8.302,3.706,60.9,D,4.4,6.11,88.5,73.3,52.4,-7.0,69.4,110000,880.0,97.7,critique
M-102,Moteur 150kW,moteur,2019-04-30,2557.0,61368,14000,7000,1120.6,4,7.027,3.157,64.3,C,4.82,6.52,87.2,71.5,52.4,0.9,56.4,110000,880.0,100.0,critique
R-300,Réducteur 2,reducteur,2023-01-20,598.0,14352,22000,22000,295.3,0,0.832,0.505,31.2,A,2.66,2.98,99.2,92.0,97.0,370.1,85.7,38000,304.0,0.0,faible
R-300,Réducteur 2,reducteur,2023-01-20,611.6,14678,22000,21962,1030.7,0,1.134,0.419,30.9,A,2.7,3.0,97.5,89.0,96.4,333.4,88.0,38000,304.0,2.3,faible
R-300,Réducteur 2,reducteur,2023-01-20,625.2,15004,22000,21893,178.2,0,1.388,0.659,32.7,A,2.48,3.74,98.0,90.4,92.8,341.3,91.1,38000,304.0,4.5,faible
R-300,Réducteur 2,reducteur,2023-01-20,638.8,15331,22000,21804,54.6,0,1.575,0.669,31.0,A,2.84,2.97,97.0,88.7,93.0,340.2,88.9,38000,304.0,6.8,faible
R-300,Réducteur 2,reducteur,2023-01-20,652.4,15657,22000,21698,684.2,1,2.068,0.751,33.7,A,2.59,3.4,97.7,90.2,93.1,327.0,92.2,38000,304.0,9.1,faible
R-300,Réducteur 2,reducteur,2023-01-20,666.0,15983,22000,21579,55.7,0,1.399,0.633,37.0,A,2.65,3.72,95.1,91.9,82.5,337.9,96.6,38000,304.0,11.4,faible
R-300,Réducteur 2,reducteur,2023-01-20,679.5,16309,22000,21446,51.0,0,2.031,0.885,35.9,A,2.38,3.62,96.8,89.4,98.6,340.7,92.0,38000,304.0,13.6,faible
R-300,Réducteur 2,reducteur,2023-01-20,693.1,16635,22000,21302,8.3,0,2.835,1.2,34.8,B,2.74,4.2,95.7,86.9,83.6,315.4,87.4,38000,304.0,15.9,faible
R-300,Réducteur 2,reducteur,2023-01-20,706.7,16961,22000,21147,255.4,0,2.81,1.3,38.0,B,3.1,3.39,96.5,86.7,75.9,311.4,87.2,38000,304.0,18.2,faible
R-300,Réducteur 2,reducteur,2023-01-20,720.3,17288,22000,20982,191.2,0,2.794,1.252,36.5,B,2.96,3.44,96.1,87.1,80.2,280.6,80.8,38000,304.0,20.5,faible
R-300,Réducteur 2,reducteur,2023-01-20,733.9,17614,22000,20808,242.2,0,1.964,0.92,37.0,A,2.88,3.42,95.3,86.7,90.0,260.3,85.8,38000,304.0,22.7,faible
R-300,Réducteur 2,reducteur,2023-01-20,747.5,17940,22000,20625,236.7,0,2.396,1.108,39.5,B,3.07,3.71,96.3,86.1,86.8,263.0,85.3,38000,304.0,25.0,faible
R-300,Réducteur 2,reducteur,2023-01-20,761.1,18266,22000,20433,122.9,1,2.681,1.179,38.5,B,3.19,4.34,97.1,87.8,90.2,268.3,87.0,38000,304.0,27.3,faible
R-300,Réducteur 2,reducteur,2023-01-20,774.7,18592,22000,20233,557.7,1,2.396,1.175,39.9,B,3.06,3.71,95.7,85.2,80.5,265.2,81.7,38000,304.0,29.5,faible
R-300,Réducteur 2,reducteur,2023-01-20,788.3,18919,22000,20026,126.6,1,4.009,1.762,38.5,B,3.34,3.6,95.1,84.0,80.9,247.8,79.9,38000,304.0,31.8,moyen
R-300,Réducteur 2,reducteur,2023-01-20,801.9,19245,22000,19810,582.3,1,3.89,1.743,41.2,B,2.93,4.23,94.7,84.2,83.2,252.2,80.8,38000,304.0,34.1,moyen
R-300,Réducteur 2,reducteur,2023-01-20,815.5,19571,22000,19588,20.8,1,3.637,1.661,41.4,B,3.27,3.34,95.1,84.7,76.0,241.9,78.8,38000,304.0,36.4,moyen
R-300,Réducteur 2,reducteur,2023-01-20,829.0,19897,22000,19358,282.0,1,3.763,1.684,45.0,B,2.93,4.09,94.7,83.9,74.4,223.7,78.5,38000,304.0,38.6,moyen
R-300,Réducteur 2,reducteur,2023-01-20,842.6,20223,22000,19122,465.3,2,4.025,1.771,45.7,B,3.34,4.4,93.5,83.7,71.8,221.9,75.6,38000,304.0,40.9,moyen
R-300,Réducteur 2,reducteur,2023-01-20,856.2,20549,22000,18879,15.1,1,4.619,2.111,45.3,C,3.57,4.72,95.0,81.6,73.4,224.3,79.3,38000,304.0,43.2,moyen
R-300,Réducteur 2,reducteur,2023-01-20,869.8,20876,22000,18629,259.4,1,4.065,1.793,43.1,B,3.11,3.71,92.8,83.1,81.6,214.9,75.2,38000,304.0,45.5,moyen
R-300,Réducteur 2,reducteur,2023-01-20,883.4,21202,22000,18373,166.4,1,4.252,1.975,49.0,B,3.29,4.61,93.9,85.9,72.4,171.7,72.2,38000,304.0,47.7,moyen
R-300,Réducteur 2,reducteur,2023-01-20,897.0,21528,22000,18111,905.5,1,5.11,2.228,46.0,C,3.3,4.03,92.5,80.7,67.3,189.6,74.1,38000,304.0,50.0,moyen
R-300,Réducteur 2,reducteur,2023-01-20,910.6,21854,22000,17843,154.4,1,4.261,1.989,47.6,B,3.43,4.47,91.8,81.2,73.0,158.6,79.3,38000,304.0,52.3,moyen
R-300,Réducteur 2,reducteur,2023-01-20,924.2,22180,22000,17569,481.0,1,4.803,2.048,49.4,C,3.63,4.74,90.9,83.1,67.6,180.8,71.5,38000,304.0,54.5,moyen
R-300,Réducteur 2,reducteur,2023-01-20,937.8,22507,22000,17289,87.8,2,4.939,2.206,52.8,C,3.57,5.03,91.4,81.4,70.4,154.2,80.2,38000,304.0,56.8,eleve
R-300,Réducteur 2,reducteur,2023-01-20,951.4,22833,22000,17003,277.0,2,5.579,2.549,53.7,C,3.61,4.59,90.7,79.3,76.2,155.2,78.2,38000,304.0,59.1,eleve
R-300,Réducteur 2,reducteur,2023-01-20,965.0,23159,22000,16712,160.5,3,5.63,2.463,47.5,C,3.8,4.93,90.9,80.3,65.6,133.7,76.3,38000,304.0,61.4,eleve
R-300,Réducteur 2,reducteur,2023-01-20,978.5,23485,22000,16416,85.4,2,5.65,2.61,53.9,C,3.79,5.31,90.8,81.0,71.5,123.6,74.0,38000,304.0,63.6,eleve
R-300,Réducteur 2,reducteur,2023-01-20,992.1,23811,22000,16114,275.3,3,4.336,1.937,54.2,B,3.64,5.6,90.3,78.8,63.8,119.5,77.6,38000,304.0,65.9,eleve
R-300,Réducteur 2,reducteur,2023-01-20,1005.7,24137,22000,15807,561.5,2,5.747,2.549,54.7,C,3.92,4.52,90.9,78.8,54.0,94.0,76.1,38000,304.0,68.2,eleve
R-300,Réducteur 2,reducteur,2023-01-20,1019.3,24464,22000,15495,1291.3,3,5.956,2.68,53.5,C,3.96,4.65,91.6,80.8,59.2,118.9,76.9,38000,304.0,70.5,eleve
R-300,Réducteur 2,reducteur,2023-01-20,1032.9,24790,22000,15178,80.4,3,5.675,2.463,55.6,C,3.45,4.77,90.0,76.4,66.5,114.4,73.1,38000,304.0,72.7,eleve
R-300,Réducteur 2,reducteur,2023-01-20,1046.5,25116,22000,14855,2049.3,2,5.464,2.506,58.3,C,4.18,4.27,91.1,77.4,60.6,77.6,74.2,38000,304.0,75.0,critique
R-300,Réducteur 2,reducteur,2023-01-20,1060.1,25442,22000,14528,258.2,3,5.976,2.581,55.3,C,4.02,5.97,90.2,76.9,58.1,86.0,77.7,38000,304.0,77.3,critique
R-300,Réducteur 2,reducteur,2023-01-20,1073.7,25768,22000,14196,1134.9,3,6.377,2.848,59.8,C,3.95,5.66,89.8,76.4,67.0,83.0,73.5,38000,304.0,79.5,critique
R-300,Réducteur 2,reducteur,2023-01-20,1087.3,26095,22000,13859,435.5,2,6.77,3.042,62.8,C,4.24,5.3,92.0,78.7,61.9,42.8,74.6,38000,304.0,81.8,critique
R-300,Réducteur 2,reducteur,2023-01-20,1100.9,26421,22000,13518,854.9,2,6.455,2.91,61.2,C,4.12,5.11,89.7,73.7,61.0,66.6,73.7,38000,304.0,84.1,critique
R-300,Réducteur 2,reducteur,2023-01-20,1114.5,26747,22000,13171,231.1,2,6.614,2.951,59.2,C,3.92,5.55,88.7,73.4,59.1,53.6,65.7,38000,304.0,86.4,critique
R-300,Réducteur 2,reducteur,2023-01-20,1128.0,27073,22000,12821,529.0,2,7.336,3.251,60.8,D,4.23,6.1,89.1,76.1,62.1,59.2,79.6,38000,304.0,88.6,critique
R-300,Réducteur 2,reducteur,2023-01-20,1141.6,27399,22000,12465,323.8,3,6.801,3.049,62.0,C,4.44,5.95,88.1,73.0,53.0,28.9,62.3,38000,304.0,90.9,critique
R-300,Réducteur 2,reducteur,2023-01-20,1155.2,27725,22000,12106,1317.2,4,7.136,3.275,58.2,D,4.15,5.92,88.0,75.5,52.3,18.9,67.5,38000,304.0,93.2,critique
R-300,Réducteur 2,reducteur,2023-01-20,1168.8,28052,22000,11741,435.9,4,7.66,3.362,64.6,D,4.41,6.24,88.4,73.5,50.0,26.1,72.5,38000,304.0,95.5,critique
R-300,Réducteur 2,reducteur,2023-01-20,1182.4,28378,22000,11373,412.3,3,7.706,3.535,61.2,D,4.34,6.28,87.9,71.8,48.7,-10.9,61.4,38000,304.0,97.7,critique
R-300,Réducteur 2,reducteur,2023-01-20,1196.0,28704,22000,11000,54.4,4,7.34,3.378,66.0,D,4.39,6.36,88.1,71.2,47.9,0.9,64.7,38000,304.0,100.0,critique
P-510,Pompe dosage,pompe,2021-09-12,845.5,20292,9000,9000,451.7,0,1.769,0.953,28.6,A,2.34,2.79,98.9,93.8,100,380.2,89.6,95000,760.0,0.0,faible
P-510,Pompe dosage,pompe,2021-09-12,864.7,20753,9000,8985,23.6,0,1.264,0.566,26.9,A,2.61,2.77,97.4,92.0,100,370.6,96.4,95000,760.0,2.3,faible
P-510,Pompe dosage,pompe,2021-09-12,883.9,21214,9000,8956,88.0,0,1.492,0.712,35.2,A,2.71,3.11,97.1,88.4,100,342.9,92.2,95000,760.0,4.5,faible
P-510,Pompe dosage,pompe,2021-09-12,903.1,21676,9000,8920,1325.6,0,2.549,1.112,30.0,B,2.63,3.04,97.8,90.4,91.1,340.1,94.6,95000,760.0,6.8,faible
P-510,Pompe dosage,pompe,2021-09-12,922.4,22137,9000,8877,102.8,0,2.288,0.97,33.0,A,2.62,3.33,96.0,91.7,93.1,338.8,88.8,95000,760.0,9.1,faible
P-510,Pompe dosage,pompe,2021-09-12,941.6,22598,9000,8828,56.2,0,1.861,0.902,34.5,A,2.72,3.23,97.2,86.0,100,340.9,91.8,95000,760.0,11.4,faible
P-510,Pompe dosage,pompe,2021-09-12,960.8,23059,9000,8773,1440.8,0,1.614,0.624,34.2,A,2.89,3.11,97.7,89.1,97.6,328.6,79.8,95000,760.0,13.6,faible
P-510,Pompe dosage,pompe,2021-09-12,980.0,23520,9000,8714,685.9,0,2.423,0.996,31.5,B,3.03,3.33,96.6,87.6,86.9,302.1,82.7,95000,760.0,15.9,faible
P-510,Pompe dosage,pompe,2021-09-12,999.2,23981,9000,8651,39.8,1,1.471,0.471,35.4,A,2.5,4.07,95.1,86.7,87.1,301.4,84.6,95000,760.0,18.2,faible
P-510,Pompe dosage,pompe,2021-09-12,1018.4,24443,9000,8584,352.6,1,1.95,0.886,37.2,A,2.77,3.59,95.2,82.0,77.3,253.5,85.2,95000,760.0,20.5,faible
P-510,Pompe dosage,pompe,2021-09-12,1037.7,24904,9000,8512,121.3,0,2.996,1.492,38.5,B,3.26,3.7,95.1,87.8,67.8,316.8,83.3,95000,760.0,22.7,faible
P-510,Pompe dosage,pompe,2021-09-12,1056.9,25365,9000,8438,947.4,1,2.415,0.981,35.1,B,2.81,3.32,96.9,87.9,83.1,279.7,76.5,95000,760.0,25.0,faible
P-510,Pompe dosage,pompe,2021-09-12,1076.1,25826,9000,8359,504.5,0,2.821,1.193,39.0,B,2.84,2.81,97.5,89.1,82.6,267.2,79.2,95000,760.0,27.3,faible
P-510,Pompe dosage,pompe,2021-09-12,1095.3,26287,9000,8277,2008.4,0,2.918,1.309,38.6,B,3.09,3.55,93.8,87.8,89.6,242.1,81.6,95000,760.0,29.5,faible
P-510,Pompe dosage,pompe,2021-09-12,1114.5,26749,9000,8192,296.7,1,2.099,0.887,41.6,A,3.58,3.69,94.7,84.0,93.1,249.0,72.4,95000,760.0,31.8,moyen
P-510,Pompe dosage,pompe,2021-09-12,1133.7,27210,9000,8104,2284.1,1,3.301,1.45,41.6,B,2.88,4.26,94.7,85.7,80.3,246.3,77.2,95000,760.0,34.1,moyen
P-510,Pompe dosage,pompe,2021-09-12,1153.0,27671,9000,8013,801.7,1,3.394,1.551,43.7,B,3.21,4.2,96.2,81.9,70.2,242.8,77.1,95000,760.0,36.4,moyen
P-510,Pompe dosage,pompe,2021-09-12,1172.2,28132,9000,7919,75.0,1,4.064,1.863,43.5,B,3.59,4.12,93.8,86.6,79.5,224.5,73.5,95000,760.0,38.6,moyen
P-510,Pompe dosage,pompe,2021-09-12,1191.4,28593,9000,7823,231.6,1,3.708,1.455,44.0,B,3.9,4.68,95.8,82.1,72.2,211.8,82.3,95000,760.0,40.9,moyen
P-510,Pompe dosage,pompe,2021-09-12,1210.6,29054,9000,7723,1093.1,2,4.703,2.215,46.6,C,3.76,4.07,94.1,83.3,73.7,191.4,72.2,95000,760.0,43.2,moyen
P-510,Pompe dosage,pompe,2021-09-12,1229.8,29516,9000,7621,2006.5,1,3.739,1.558,45.8,B,3.49,4.91,92.9,82.2,73.4,209.5,82.9,95000,760.0,45.5,moyen
P-510,Pompe dosage,pompe,2021-09-12,1249.0,29977,9000,7516,109.3,1,4.447,1.874,46.9,B,3.6,4.63,92.3,82.0,75.9,164.8,72.9,95000,760.0,47.7,moyen
P-510,Pompe dosage,pompe,2021-09-12,1268.2,30438,9000,7409,1746.9,1,4.745,2.052,48.5,C,3.35,4.39,93.5,83.3,75.5,174.2,77.3,95000,760.0,50.0,moyen
P-510,Pompe dosage,pompe,2021-09-12,1287.5,30899,9000,7299,973.9,1,4.973,2.236,49.8,C,3.43,4.0,94.1,82.0,71.3,173.8,82.2,95000,760.0,52.3,moyen
P-510,Pompe dosage,pompe,2021-09-12,1306.7,31360,9000,7187,48.2,1,4.423,1.967,48.6,B,3.41,4.65,92.0,82.7,68.3,167.7,77.2,95000,760.0,54.5,moyen
P-510,Pompe dosage,pompe,2021-09-12,1325.9,31822,9000,7073,1256.9,0,4.763,2.234,51.2,C,3.67,4.95,92.1,82.2,80.4,145.4,78.8,95000,760.0,56.8,eleve
P-510,Pompe dosage,pompe,2021-09-12,1345.1,32283,9000,6956,1181.4,2,5.602,2.385,48.7,C,3.64,4.87,93.3,80.9,70.4,154.4,76.5,95000,760.0,59.1,eleve
P-510,Pompe dosage,pompe,2021-09-12,1364.3,32744,9000,6837,615.2,2,4.472,2.033,51.1,B,3.69,4.8,92.5,79.2,60.7,123.7,77.3,95000,760.0,61.4,eleve
P-510,Pompe dosage,pompe,2021-09-12,1383.5,33205,9000,6716,791.9,2,4.824,2.145,49.6,C,3.78,6.08,91.8,80.3,70.9,98.5,73.1,95000,760.0,63.6,eleve
P-510,Pompe dosage,pompe,2021-09-12,1402.8,33666,9000,6592,782.5,2,5.061,2.32,51.2,C,3.59,4.57,91.4,80.3,57.7,115.7,73.1,95000,760.0,65.9,eleve
P-510,Pompe dosage,pompe,2021-09-12,1422.0,34127,9000,6467,625.7,2,5.369,2.245,50.6,C,3.82,4.66,89.6,76.9,57.3,118.2,72.6,95000,760.0,68.2,eleve
P-510,Pompe dosage,pompe,2021-09-12,1441.2,34589,9000,6339,872.9,3,5.367,2.38,55.1,C,3.8,5.74,91.8,79.0,67.7,132.8,73.0,95000,760.0,70.5,eleve
P-510,Pompe dosage,pompe,2021-09-12,1460.4,35050,9000,6209,369.0,3,5.114,2.364,56.2,C,3.8,5.48,90.3,76.9,63.8,106.5,64.6,95000,760.0,72.7,eleve
P-510,Pompe dosage,pompe,2021-09-12,1479.6,35511,9000,6077,199.6,4,6.007,2.657,55.5,C,3.65,4.69,90.9,75.7,64.0,81.2,65.2,95000,760.0,75.0,critique
P-510,Pompe dosage,pompe,2021-09-12,1498.8,35972,9000,5943,483.5,2,6.157,2.752,58.3,C,4.08,5.67,90.1,77.7,60.7,62.2,60.8,95000,760.0,77.3,critique
P-510,Pompe dosage,pompe,2021-09-12,1518.1,36433,9000,5807,258.8,2,6.148,2.809,58.3,C,4.26,5.95,90.6,77.8,56.3,85.3,66.3,95000,760.0,79.5,critique
P-510,Pompe dosage,pompe,2021-09-12,1537.3,36895,9000,5670,1706.7,3,6.896,3.119,59.4,C,3.72,6.01,88.6,76.6,60.8,117.5,66.6,95000,760.0,81.8,critique
P-510,Pompe dosage,pompe,2021-09-12,1556.5,37356,9000,5530,640.3,3,7.487,3.446,59.2,D,4.15,5.54,89.5,75.4,58.4,43.8,58.5,95000,760.0,84.1,critique
P-510,Pompe dosage,pompe,2021-09-12,1575.7,37817,9000,5388,504.5,4,6.578,3.012,60.6,C,3.84,6.18,89.5,71.0,56.7,47.3,70.4,95000,760.0,86.4,critique
P-510,Pompe dosage,pompe,2021-09-12,1594.9,38278,9000,5245,209.7,3,6.633,2.902,62.0,C,4.32,6.2,88.1,74.1,60.0,65.1,61.4,95000,760.0,88.6,critique
P-510,Pompe dosage,pompe,2021-09-12,1614.1,38739,9000,5099,754.6,3,7.965,3.502,60.9,D,4.39,6.21,89.8,73.8,61.8,49.8,66.2,95000,760.0,90.9,critique
P-510,Pompe dosage,pompe,2021-09-12,1633.4,39200,9000,4952,311.6,4,6.986,3.145,62.4,C,4.45,5.91,89.3,74.3,48.0,24.6,67.9,95000,760.0,93.2,critique
P-510,Pompe dosage,pompe,2021-09-12,1652.6,39662,9000,4803,12.1,4,7.316,3.198,65.3,D,4.58,5.55,87.7,72.2,54.5,16.1,76.7,95000,760.0,95.5,critique
P-510,Pompe dosage,pompe,2021-09-12,1671.8,40123,9000,4653,110.3,4,6.95,3.168,67.6,C,4.37,5.93,88.2,70.4,52.5,20.0,66.5,95000,760.0,97.7,critique
P-510,Pompe dosage,pompe,2021-09-12,1691.0,40584,9000,4500,915.6,4,8.008,3.636,63.2,D,4.36,5.82,87.4,73.3,43.8,15.7,70.2,95000,760.0,100.0,critique
V-220,Extracteur,ventilateur,2018-06-08,1441.5,34596,13000,13000,978.9,0,2.492,1.074,29.1,B,2.46,3.29,97.7,92.3,90.5,389.7,97.4,70000,560.0,0.0,faible
V-220,Extracteur,ventilateur,2018-06-08,1474.3,35382,13000,12978,1514.5,0,1.047,0.488,35.4,A,2.29,3.45,96.9,90.1,95.1,354.8,95.4,70000,560.0,2.3,faible
V-220,Extracteur,ventilateur,2018-06-08,1507.0,36169,13000,12937,569.6,0,1.512,0.61,32.1,A,2.75,2.8,98.5,90.3,94.4,347.0,84.6,70000,560.0,4.5,faible
V-220,Extracteur,ventilateur,2018-06-08,1539.8,36955,13000,12884,341.6,0,2.917,1.339,29.7,B,2.63,3.27,97.7,89.8,88.3,331.0,91.4,70000,560.0,6.8,faible
V-220,Extracteur,ventilateur,2018-06-08,1572.5,37741,13000,12822,1756.3,0,1.58,0.603,32.1,A,2.66,2.97,97.0,91.2,92.1,340.4,79.8,70000,560.0,9.1,faible
V-220,Extracteur,ventilateur,2018-06-08,1605.3,38527,13000,12751,433.4,1,1.678,0.799,34.1,A,3.06,2.36,97.0,89.2,89.2,303.9,86.6,70000,560.0,11.4,faible
V-220,Extracteur,ventilateur,2018-06-08,1638.1,39314,13000,12673,256.6,0,1.705,0.905,35.5,A,2.76,3.43,95.2,90.3,91.2,304.9,90.1,70000,560.0,13.6,faible
V-220,Extracteur,ventilateur,2018-06-08,1670.8,40100,13000,12588,2795.8,0,2.038,0.92,36.1,A,2.93,2.84,95.4,87.6,76.9,290.5,82.2,70000,560.0,15.9,faible
V-220,Extracteur,ventilateur,2018-06-08,1703.6,40886,13000,12496,2553.3,0,1.841,0.761,35.7,A,2.87,3.39,96.3,88.5,75.8,312.1,89.7,70000,560.0,18.2,faible
V-220,Extracteur,ventilateur,2018-06-08,1736.4,41672,13000,12399,98.4,1,1.957,0.793,36.8,A,3.04,2.77,95.5,87.9,79.1,300.3,82.9,70000,560.0,20.5,faible
V-220,Extracteur,ventilateur,2018-06-08,1769.1,42459,13000,12296,953.8,1,2.57,1.194,35.4,B,3.05,3.54,94.0,90.1,91.9,306.5,87.9,70000,560.0,22.7,faible
V-220,Extracteur,ventilateur,2018-06-08,1801.9,43245,13000,12188,701.8,0,2.618,1.263,39.2,B,3.22,4.1,94.8,87.0,87.1,270.1,82.4,70000,560.0,25.0,faible
V-220,Extracteur,ventilateur,2018-06-08,1834.6,44031,13000,12074,504.2,1,3.784,1.624,41.5,B,2.93,4.39,94.3,88.1,76.2,262.6,73.4,70000,560.0,27.3,faible
V-220,Extracteur,ventilateur,2018-06-08,1867.4,44818,13000,11956,34.7,1,2.347,1.1,38.8,B,2.85,4.24,95.0,86.5,74.7,256.1,89.2,70000,560.0,29.5,faible
V-220,Extracteur,ventilateur,2018-06-08,1900.2,45604,13000,11833,188.1,0,3.398,1.506,40.9,B,3.18,3.83,94.7,85.9,84.2,247.4,77.6,70000,560.0,31.8,moyen
V-220,Extracteur,ventilateur,2018-06-08,1932.9,46390,13000,11706,4422.4,1,2.817,1.311,38.9,B,3.08,4.42,95.6,85.8,73.2,253.1,84.0,70000,560.0,34.1,moyen
V-220,Extracteur,ventilateur,2018-06-08,1965.7,47176,13000,11575,738.6,0,2.57,1.029,41.4,B,2.98,3.83,95.2,87.4,74.8,223.3,78.9,70000,560.0,36.4,moyen
V-220,Extracteur,ventilateur,2018-06-08,1998.4,47963,13000,11439,507.5,0,4.497,1.981,42.5,B,3.12,4.61,95.0,82.3,77.6,209.7,75.0,70000,560.0,38.6,moyen
V-220,Extracteur,ventilateur,2018-06-08,2031.2,48749,13000,11299,1640.8,1,3.182,1.368,42.1,B,3.33,4.77,94.1,83.8,77.9,220.4,75.5,70000,560.0,40.9,moyen
V-220,Extracteur,ventilateur,2018-06-08,2064.0,49535,13000,11156,756.8,1,4.185,1.899,46.2,B,3.19,4.35,93.0,83.2,73.6,204.1,90.3,70000,560.0,43.2,moyen
V-220,Extracteur,ventilateur,2018-06-08,2096.7,50321,13000,11008,1155.3,1,3.719,1.639,44.7,B,3.49,4.05,90.6,83.3,72.1,219.3,82.7,70000,560.0,45.5,moyen
V-220,Extracteur,ventilateur,2018-06-08,2129.5,51108,13000,10857,262.5,1,3.98,1.887,44.6,B,3.6,4.7,92.3,83.7,66.9,178.5,71.2,70000,560.0,47.7,moyen
V-220,Extracteur,ventilateur,2018-06-08,2162.2,51894,13000,10702,530.2,1,4.551,2.063,49.8,C,3.58,4.42,92.4,82.5,77.0,198.7,71.7,70000,560.0,50.0,moyen
V-220,Extracteur,ventilateur,2018-06-08,2195.0,52680,13000,10543,418.4,2,5.147,2.211,46.0,C,3.34,5.12,92.0,82.1,74.6,170.1,66.6,70000,560.0,52.3,moyen
V-220,Extracteur,ventilateur,2018-06-08,2227.8,53467,13000,10382,3.9,3,5.128,2.403,50.3,C,3.49,4.78,92.6,81.2,78.5,153.6,69.8,70000,560.0,54.5,moyen
V-220,Extracteur,ventilateur,2018-06-08,2260.5,54253,13000,10216,2816.7,2,5.016,2.2,49.2,C,3.48,5.0,92.0,80.7,72.1,172.5,66.3,70000,560.0,56.8,eleve
V-220,Extracteur,ventilateur,2018-06-08,2293.3,55039,13000,10047,1741.5,2,4.494,2.002,50.7,B,4.06,4.92,90.1,79.1,72.2,141.5,71.4,70000,560.0,59.1,eleve
V-220,Extracteur,ventilateur,2018-06-08,2326.1,55825,13000,9876,80.6,2,4.763,2.196,53.6,C,3.72,5.13,90.9,79.6,73.3,152.2,82.4,70000,560.0,61.4,eleve
V-220,Extracteur,ventilateur,2018-06-08,2358.8,56612,13000,9700,462.2,1,5.894,2.705,53.3,C,4.05,5.05,93.3,78.8,69.4,104.9,67.7,70000,560.0,63.6,eleve
V-220,Extracteur,ventilateur,2018-06-08,2391.6,57398,13000,9522,61.8,3,5.16,2.421,55.8,C,3.93,5.01,91.4,79.0,68.3,137.0,72.5,70000,560.0,65.9,eleve
V-220,Extracteur,ventilateur,2018-06-08,2424.3,58184,13000,9341,1558.0,3,5.515,2.497,57.7,C,4.17,5.36,92.2,78.7,62.9,111.3,73.3,70000,560.0,68.2,eleve
V-220,Extracteur,ventilateur,2018-06-08,2457.1,58970,13000,9156,1058.4,3,5.684,2.574,55.5,C,3.92,5.84,92.1,74.9,66.6,96.2,72.6,70000,560.0,70.5,eleve
V-220,Extracteur,ventilateur,2018-06-08,2489.9,59757,13000,8969,79.7,3,6.16,2.755,56.2,C,4.02,5.33,92.4,77.2,67.7,113.8,75.6,70000,560.0,72.7,eleve
V-220,Extracteur,ventilateur,2018-06-08,2522.6,60543,13000,8778,2203.8,2,5.607,2.549,56.7,C,4.04,5.9,90.9,75.2,59.7,92.6,70.5,70000,560.0,75.0,critique
V-220,Extracteur,ventilateur,2018-06-08,2555.4,61329,13000,8585,102.9,2,5.954,2.672,56.5,C,3.9,4.94,88.2,73.7,60.2,53.4,68.9,70000,560.0,77.3,critique
V-220,Extracteur,ventilateur,2018-06-08,2588.1,62116,13000,8389,908.9,2,7.15,3.065,55.6,D,4.04,6.02,88.8,75.8,57.1,44.3,68.3,70000,560.0,79.5,critique
V-220,Extracteur,ventilateur,2018-06-08,2620.9,62902,13000,8190,723.1,3,6.52,2.925,58.1,C,4.12,5.83,90.7,74.6,53.1,84.4,74.9,70000,560.0,81.8,critique
V-220,Extracteur,ventilateur,2018-06-08,2653.7,63688,13000,7988,61.5,3,6.66,2.979,60.5,C,4.15,5.47,90.5,74.7,50.2,66.9,72.6,70000,560.0,84.1,critique
V-220,Extracteur,ventilateur,2018-06-08,2686.4,64474,13000,7783,2225.3,3,7.005,3.093,65.0,C,4.28,6.16,88.7,73.3,55.7,77.0,67.4,70000,560.0,86.4,critique
V-220,Extracteur,ventilateur,2018-06-08,2719.2,65261,13000,7576,940.6,2,7.514,3.427,61.2,D,4.63,5.31,89.3,73.1,57.8,50.6,67.1,70000,560.0,88.6,critique
V-220,Extracteur,ventilateur,2018-06-08,2752.0,66047,13000,7366,1052.5,4,6.642,2.939,60.0,C,4.49,6.45,87.1,74.1,63.6,23.8,69.8,70000,560.0,90.9,critique
V-220,Extracteur,ventilateur,2018-06-08,2784.7,66833,13000,7153,856.2,4,7.605,3.442,67.2,D,4.53,5.92,88.1,72.7,43.8,54.9,70.8,70000,560.0,93.2,critique
V-220,Extracteur,ventilateur,2018-06-08,2817.5,67619,13000,6938,1397.6,3,7.756,3.48,67.6,D,4.53,6.07,87.8,71.7,44.9,7.9,65.0,70000,560.0,95.5,critique
V-220,Extracteur,ventilateur,2018-06-08,2850.2,68406,13000,6720,421.2,4,7.444,3.266,65.2,D,4.49,6.11,86.7,72.7,48.1,-1.1,72.1,70000,560.0,97.7,critique
V-220,Extracteur,ventilateur,2018-06-08,2883.0,69192,13000,6500,513.8,4,8.219,3.804,62.2,D,4.77,6.34,88.5,71.1,45.4,0.4,67.6,70000,560.0,100.0,critique
