machine_id,date,health_index,rul_days,rul_confidence_pct,vrms_mm_s,temperature_c,score_degradation,crest_factor,kurtosis
M001,2026-01-01,66.8,98,75,3.99,45.9,0.35,3.49,3.91
M001,2026-01-03,66.0,89,65,4.05,45.2,0.292,3.24,4.29
M001,2026-01-05,65.1,94,88,4.34,46.7,0.3,3.52,4.36
M001,2026-01-07,64.5,90,73,4.62,45.0,0.315,3.26,4.49
M001,2026-01-09,63.5,86,89,4.44,47.8,0.353,3.48,4.52
M001,2026-01-11,62.5,94,72,4.62,44.4,0.348,3.42,4.12
M001,2026-01-13,62.0,85,84,4.41,46.9,0.367,3.47,4.23
M001,2026-01-15,61.4,102,64,4.65,45.3,0.409,3.41,4.36
M001,2026-01-17,59.9,99,95,4.54,46.3,0.427,3.42,4.7
M001,2026-01-19,58.7,90,77,4.54,49.0,0.42,3.74,4.39
M001,2026-01-21,57.8,96,89,4.66,46.2,0.446,3.7,4.76
M001,2026-01-23,57.1,93,85,4.85,49.9,0.393,3.71,4.8
M001,2026-01-25,55.8,77,70,5.21,48.0,0.399,3.72,5.01
M001,2026-01-27,54.9,89,60,5.22,47.0,0.49,3.91,4.92
M001,2026-01-29,54.2,80,87,4.96,46.7,0.48,3.92,5.07
M001,2026-01-31,53.1,85,66,5.48,48.3,0.483,3.92,4.64
M001,2026-02-02,51.9,84,93,5.6,49.8,0.48,3.77,4.82
M001,2026-02-04,50.4,74,75,5.2,51.4,0.541,3.82,4.97
M001,2026-02-06,50.1,82,68,5.27,49.9,0.504,3.9,5.22
M001,2026-02-08,49.3,70,94,5.71,51.0,0.528,3.99,5.14
M001,2026-02-10,48.7,78,88,5.38,49.3,0.497,4.09,4.91
M001,2026-02-12,48.2,64,63,5.48,52.2,0.554,3.9,4.93
M001,2026-02-14,47.1,66,94,5.51,52.6,0.536,4.11,5.32
M001,2026-02-16,45.8,64,66,5.59,51.0,0.534,4.15,5.35
M001,2026-02-18,44.8,77,66,5.65,52.5,0.582,4.05,5.08
M001,2026-02-20,43.9,59,87,5.8,51.7,0.599,4.08,5.49
M001,2026-02-22,42.6,56,63,6.19,52.4,0.526,4.13,5.52
M001,2026-02-24,42.1,66,91,6.12,53.8,0.62,4.18,5.1
M001,2026-02-26,41.3,66,78,6.15,54.4,0.636,4.37,5.56
M001,2026-02-28,40.9,60,73,6.51,53.0,0.595,4.46,5.19
M001,2026-03-02,40.0,65,93,6.1,54.8,0.558,4.27,5.56
M001,2026-03-04,38.9,55,85,6.16,54.9,0.586,4.48,5.63
M001,2026-03-06,38.2,65,93,6.34,52.6,0.635,4.4,5.45
M001,2026-03-08,37.8,66,79,6.45,55.4,0.666,4.29,5.68
M001,2026-03-10,36.9,48,64,6.57,54.0,0.595,4.47,5.4
M001,2026-03-12,36.3,53,70,6.56,54.3,0.617,4.74,5.87
M001,2026-03-14,35.5,60,79,6.92,52.8,0.683,4.49,5.96
M001,2026-03-16,34.3,45,77,6.63,53.6,0.641,4.7,6.0
M001,2026-03-18,33.4,48,63,6.58,54.7,0.643,4.46,5.99
M001,2026-03-20,32.4,46,70,7.05,55.5,0.669,4.51,5.62
M001,2026-03-22,31.1,40,94,6.74,55.2,0.695,4.73,5.67
M001,2026-03-24,30.4,36,82,6.9,54.9,0.656,4.9,6.21
M001,2026-03-26,29.7,53,69,7.38,55.1,0.67,4.93,5.82
M001,2026-03-28,28.9,38,81,7.36,56.0,0.728,4.94,5.9
M001,2026-03-30,28.5,35,84,7.44,57.9,0.687,4.99,6.05
M002,2026-01-01,77.7,113,74,3.0,40.5,0.205,3.04,3.89
M002,2026-01-03,77.2,125,92,3.27,43.8,0.232,3.09,3.41
M002,2026-01-05,75.7,108,76,3.17,42.7,0.227,3.09,3.68
M002,2026-01-07,74.2,104,84,3.8,41.5,0.212,3.01,3.8
M002,2026-01-09,73.0,105,83,3.62,44.9,0.312,3.13,3.95
M002,2026-01-11,72.6,107,92,3.58,42.8,0.264,3.01,3.65
M002,2026-01-13,71.9,109,71,3.82,42.6,0.286,2.93,3.78
M002,2026-01-15,71.1,114,80,3.79,43.4,0.26,3.14,4.19
M002,2026-01-17,69.9,99,65,3.78,44.7,0.313,3.04,4.28
M002,2026-01-19,69.4,103,74,4.13,42.8,0.261,3.42,4.1
M002,2026-01-21,68.2,106,86,4.28,44.9,0.34,3.23,4.03
M002,2026-01-23,67.8,91,66,4.24,43.5,0.353,3.37,4.09
M002,2026-01-25,66.9,93,89,3.93,44.8,0.335,3.35,4.05
M002,2026-01-27,65.7,102,92,4.2,46.9,0.338,3.24,4.43
M002,2026-01-29,64.9,94,77,4.47,45.6,0.364,3.31,4.0
M002,2026-01-31,64.3,94,81,4.25,45.9,0.321,3.32,4.4
M002,2026-02-02,63.2,86,86,4.39,46.2,0.36,3.35,4.29
M002,2026-02-04,61.8,100,61,4.77,47.5,0.37,3.33,4.32
M002,2026-02-06,60.6,93,94,4.8,47.0,0.404,3.46,4.3
M002,2026-02-08,59.9,79,84,4.61,47.8,0.392,3.47,4.49
M002,2026-02-10,59.5,98,94,4.46,46.7,0.411,3.43,4.61
M002,2026-02-12,59.1,92,71,4.5,46.8,0.38,3.57,4.7
M002,2026-02-14,58.4,90,76,5.03,47.3,0.44,3.48,4.85
M002,2026-02-16,58.0,78,62,5.02,49.4,0.39,3.49,4.39
M002,2026-02-18,57.6,79,73,4.87,46.7,0.411,3.74,4.9
M002,2026-02-20,56.5,79,79,4.75,46.2,0.417,3.81,4.95
M002,2026-02-22,55.7,79,64,5.1,49.6,0.417,3.85,4.59
M002,2026-02-24,54.6,74,62,5.04,48.3,0.441,3.82,4.67
M002,2026-02-26,53.3,85,66,5.19,48.4,0.506,3.85,4.62
M002,2026-02-28,52.9,85,77,5.34,50.8,0.498,3.87,5.05
M002,2026-03-02,51.9,77,75,5.54,47.8,0.519,3.82,4.88
M002,2026-03-04,51.0,78,81,5.14,51.1,0.459,3.85,5.13
M002,2026-03-06,50.3,84,77,5.51,50.0,0.466,3.88,4.93
M002,2026-03-08,49.4,71,90,5.64,50.1,0.535,3.86,4.86
M002,2026-03-10,48.3,71,83,5.62,50.6,0.51,4.17,4.98
M002,2026-03-12,47.2,68,79,5.58,49.3,0.498,3.96,5.16
M002,2026-03-14,46.0,63,72,5.65,51.1,0.563,4.35,5.22
M002,2026-03-16,45.4,61,72,5.74,50.8,0.526,4.27,5.01
M002,2026-03-18,45.2,58,95,5.76,53.2,0.562,4.29,5.0
M002,2026-03-20,44.9,66,90,5.89,50.9,0.597,4.1,5.47
M002,2026-03-22,44.6,58,85,5.93,51.9,0.573,4.08,5.46
M002,2026-03-24,43.2,56,75,5.82,53.1,0.579,4.39,5.18
M002,2026-03-26,42.3,67,88,6.0,52.7,0.57,4.34,5.12
M002,2026-03-28,40.8,54,73,6.31,51.8,0.55,4.26,5.49
M002,2026-03-30,40.4,63,88,6.38,52.8,0.549,4.3,5.35
M003,2026-01-01,88.7,130,76,2.58,38.9,0.129,2.63,3.02
M003,2026-01-03,87.8,141,69,2.72,40.0,0.079,2.35,2.99
M003,2026-01-05,86.6,137,78,2.53,38.9,0.114,2.5,3.03
M003,2026-01-07,85.7,132,65,2.7,40.8,0.166,2.61,2.93
M003,2026-01-09,85.2,135,61,2.98,40.1,0.125,2.41,3.39
M003,2026-01-11,84.4,136,88,3.0,38.4,0.164,2.68,3.27
M003,2026-01-13,84.1,127,86,2.67,40.5,0.195,2.57,3.41
M003,2026-01-15,83.5,127,95,2.54,38.3,0.14,2.51,3.49
M003,2026-01-17,82.2,113,94,2.9,38.6,0.18,2.76,3.39
M003,2026-01-19,81.4,113,73,2.85,39.1,0.165,2.9,3.42
M003,2026-01-21,81.2,131,75,3.13,39.9,0.14,2.72,3.28
M003,2026-01-23,79.9,112,89,3.38,41.6,0.166,2.98,3.38
M003,2026-01-25,78.8,121,90,3.49,40.3,0.217,2.8,3.81
M003,2026-01-27,77.9,110,64,3.13,42.8,0.212,3.06,3.61
M003,2026-01-29,76.6,113,79,3.57,42.3,0.25,3.08,3.64
M003,2026-01-31,75.8,113,95,3.59,41.8,0.285,3.12,4.0
M003,2026-02-02,75.3,114,74,3.69,42.1,0.229,2.98,3.98
M003,2026-02-04,74.6,121,69,3.53,40.8,0.254,3.05,3.99
M003,2026-02-06,73.3,113,66,3.65,42.8,0.29,3.03,3.93
M003,2026-02-08,72.9,114,76,3.57,43.9,0.286,3.23,4.07
M003,2026-02-10,71.6,109,80,3.85,45.1,0.283,3.15,3.99
M003,2026-02-12,71.1,105,74,3.96,43.4,0.249,3.21,4.17
M003,2026-02-14,70.3,104,61,3.61,45.1,0.277,3.14,3.77
M003,2026-02-16,69.4,112,71,3.75,42.5,0.343,3.27,3.88
M003,2026-02-18,68.0,95,74,4.04,43.6,0.296,3.08,4.28
M003,2026-02-20,66.6,106,70,3.91,46.8,0.383,3.25,4.45
M003,2026-02-22,65.5,102,79,4.08,44.9,0.343,3.27,4.27
M003,2026-02-24,64.6,95,61,4.62,46.3,0.332,3.44,4.38
M003,2026-02-26,63.4,86,91,4.63,47.6,0.393,3.36,4.51
M003,2026-02-28,62.9,90,76,4.57,47.0,0.387,3.62,4.43
M003,2026-03-02,61.6,102,62,4.46,46.3,0.392,3.63,4.18
M003,2026-03-04,61.0,94,71,4.44,47.9,0.428,3.51,4.45
M003,2026-03-06,60.4,85,76,4.92,48.7,0.443,3.5,4.7
M003,2026-03-08,59.2,92,64,4.55,49.1,0.444,3.72,4.83
M003,2026-03-10,57.7,93,83,4.64,47.3,0.399,3.54,4.54
M003,2026-03-12,56.5,82,84,5.17,49.8,0.395,3.63,4.39
M003,2026-03-14,55.2,89,80,5.33,47.3,0.404,3.92,4.99
M003,2026-03-16,54.6,84,67,4.92,50.4,0.434,3.81,4.53
M003,2026-03-18,53.2,73,84,5.21,49.7,0.492,4.05,4.79
M003,2026-03-20,52.1,72,86,5.43,50.7,0.491,4.09,4.76
M003,2026-03-22,51.0,72,88,5.39,48.7,0.476,4.15,4.87
M003,2026-03-24,49.6,84,82,5.27,49.2,0.551,4.2,5.21
M003,2026-03-26,49.3,69,61,5.29,49.5,0.556,4.14,4.86
M003,2026-03-28,48.0,79,73,5.71,51.8,0.493,4.19,5.27
M003,2026-03-30,47.0,68,69,6.03,51.0,0.559,3.96,5.37
M004,2026-01-01,67.8,98,80,3.79,43.7,0.285,3.26,3.88
M004,2026-01-03,67.5,105,83,4.11,43.2,0.325,3.48,3.85
M004,2026-01-05,66.3,105,79,4.17,47.0,0.293,3.34,4.13
M004,2026-01-07,65.2,102,88,4.03,43.8,0.359,3.22,4.11
M004,2026-01-09,64.2,103,80,4.3,46.1,0.338,3.44,4.25
M004,2026-01-11,62.9,87,95,4.6,45.0,0.366,3.37,4.26
M004,2026-01-13,62.1,96,66,4.42,45.6,0.354,3.7,4.5
M004,2026-01-15,61.3,83,65,4.35,45.0,0.411,3.67,4.47
M004,2026-01-17,60.4,97,95,4.57,45.4,0.382,3.65,4.63
M004,2026-01-19,59.0,79,78,4.84,46.7,0.417,3.52,4.64
M004,2026-01-21,58.5,80,82,5.02,46.9,0.441,3.69,4.76
M004,2026-01-23,57.2,94,95,4.64,49.5,0.46,3.62,4.45
M004,2026-01-25,56.1,83,81,4.92,46.9,0.403,3.82,4.44
M004,2026-01-27,55.0,72,65,5.25,47.4,0.442,3.74,4.67
M004,2026-01-29,53.8,88,65,5.42,47.5,0.487,3.67,4.56
M004,2026-01-31,53.1,82,91,5.32,48.7,0.441,3.88,4.75
M004,2026-02-02,52.7,87,91,5.3,48.4,0.445,4.09,4.6
M004,2026-02-04,52.2,74,68,5.48,48.5,0.44,3.91,4.85
M004,2026-02-06,51.9,84,74,5.35,50.8,0.512,3.75,5.12
M004,2026-02-08,51.6,67,89,5.62,51.0,0.491,3.96,5.04
M004,2026-02-10,50.9,69,85,5.14,49.0,0.521,4.01,5.16
M004,2026-02-12,49.5,66,87,5.75,49.1,0.514,4.03,4.96
M004,2026-02-14,48.9,73,74,5.49,49.0,0.512,3.89,5.06
M004,2026-02-16,47.5,72,82,5.84,52.0,0.556,3.99,4.91
M004,2026-02-18,47.0,79,69,5.89,51.5,0.497,4.23,5.14
M004,2026-02-20,45.9,76,88,5.94,52.8,0.556,4.36,5.1
M004,2026-02-22,44.4,66,69,5.91,51.6,0.569,4.34,5.33
M004,2026-02-24,43.7,57,79,5.98,50.0,0.549,4.16,5.4
M004,2026-02-26,42.3,55,92,6.05,52.6,0.623,4.4,5.11
M004,2026-02-28,40.9,69,72,6.12,52.6,0.556,4.19,5.22
M004,2026-03-02,39.5,59,65,6.34,51.8,0.58,4.39,5.49
M004,2026-03-04,38.6,52,83,6.33,52.5,0.604,4.39,5.63
M004,2026-03-06,37.4,66,81,6.25,52.2,0.644,4.42,5.76
M004,2026-03-08,36.4,63,69,6.49,54.4,0.6,4.49,5.96
M004,2026-03-10,35.3,54,68,6.74,56.2,0.628,4.54,5.91
M004,2026-03-12,34.0,57,65,6.87,54.5,0.646,4.59,5.61
M004,2026-03-14,33.5,55,72,6.65,53.5,0.622,4.8,5.58
M004,2026-03-16,32.3,54,62,7.01,56.8,0.689,4.75,5.68
M004,2026-03-18,31.9,56,70,7.08,53.6,0.668,4.81,6.19
M004,2026-03-20,30.9,50,74,7.05,55.0,0.722,4.75,6.16
M004,2026-03-22,30.2,53,88,7.06,55.1,0.686,4.8,6.27
M004,2026-03-24,29.0,52,68,7.41,54.5,0.709,4.79,6.31
M004,2026-03-26,27.8,47,67,7.14,57.7,0.699,5.05,5.9
M004,2026-03-28,27.1,37,88,7.57,58.6,0.721,4.88,6.07
M004,2026-03-30,26.4,31,83,7.23,56.4,0.696,5.03,6.08
M005,2026-01-01,68.6,101,90,4.13,43.0,0.334,3.23,3.77
M005,2026-01-03,68.3,100,73,4.24,44.7,0.34,3.28,3.85
M005,2026-01-05,67.7,100,67,3.81,44.4,0.352,3.27,3.88
M005,2026-01-07,66.4,108,94,3.9,45.2,0.311,3.2,4.14
M005,2026-01-09,65.4,95,86,4.08,46.1,0.349,3.33,4.5
M005,2026-01-11,64.5,102,95,4.06,47.2,0.31,3.38,4.2
M005,2026-01-13,63.3,95,64,4.34,46.9,0.38,3.58,4.48
M005,2026-01-15,62.7,84,82,4.52,47.5,0.341,3.61,4.35
M005,2026-01-17,61.6,102,71,4.76,44.8,0.412,3.52,4.3
M005,2026-01-19,61.3,87,62,4.49,45.9,0.377,3.67,4.42
M005,2026-01-21,61.0,101,72,4.49,48.1,0.344,3.62,4.31
M005,2026-01-23,59.8,92,85,4.86,48.6,0.391,3.8,4.51
M005,2026-01-25,59.0,94,77,4.96,48.2,0.368,3.68,4.75
M005,2026-01-27,58.1,87,66,4.6,48.2,0.4,3.72,4.55
M005,2026-01-29,57.0,86,88,4.67,49.4,0.416,3.92,4.52
M005,2026-01-31,55.5,74,64,5.16,48.0,0.446,3.88,4.52
M005,2026-02-02,55.2,91,88,4.8,46.7,0.475,3.74,4.67
M005,2026-02-04,54.3,90,69,5.26,50.5,0.444,3.93,4.83
M005,2026-02-06,53.4,82,80,5.32,48.0,0.427,3.96,4.83
M005,2026-02-08,52.7,86,67,5.14,48.2,0.467,4.09,4.74
M005,2026-02-10,51.3,81,72,5.17,51.0,0.482,4.11,4.9
M005,2026-02-12,51.0,76,82,5.55,49.9,0.469,3.88,4.74
M005,2026-02-14,49.9,84,71,5.69,50.1,0.463,3.88,4.79
M005,2026-02-16,48.7,62,83,5.64,49.9,0.544,4.07,5.13
M005,2026-02-18,48.3,71,85,5.93,51.4,0.519,4.17,5.28
M005,2026-02-20,48.0,72,64,5.63,51.3,0.504,4.23,5.27
M005,2026-02-22,47.0,65,68,5.7,52.5,0.485,3.97,4.94
M005,2026-02-24,46.6,69,74,5.68,52.8,0.573,4.27,5.02
M005,2026-02-26,45.6,75,77,5.63,50.5,0.548,4.18,5.02
M005,2026-02-28,44.2,60,70,6.06,52.6,0.569,4.37,5.33
M005,2026-03-02,42.9,54,65,5.8,52.7,0.579,4.35,5.52
M005,2026-03-04,42.1,73,61,6.13,52.9,0.558,4.5,5.38
M005,2026-03-06,40.9,63,79,6.2,53.5,0.557,4.33,5.43
M005,2026-03-08,40.3,54,80,6.5,52.2,0.646,4.33,5.43
M005,2026-03-10,39.1,64,95,6.14,52.2,0.572,4.42,5.33
M005,2026-03-12,38.8,60,86,6.25,54.8,0.578,4.38,5.61
M005,2026-03-14,38.2,52,91,6.74,53.4,0.656,4.47,5.34
M005,2026-03-16,37.5,60,75,6.33,53.2,0.58,4.5,5.86
M005,2026-03-18,36.4,59,78,6.61,55.5,0.629,4.7,5.82
M005,2026-03-20,35.2,53,62,6.62,54.7,0.617,4.61,5.48
M005,2026-03-22,34.4,58,77,6.94,55.2,0.667,4.48,5.54
M005,2026-03-24,33.7,50,95,7.07,55.9,0.633,4.66,5.82
M005,2026-03-26,33.4,44,81,7.01,55.0,0.631,4.82,5.61
M005,2026-03-28,32.0,48,70,6.87,55.9,0.714,4.76,5.9
M005,2026-03-30,31.2,51,79,6.99,53.7,0.671,4.6,5.89
M006,2026-01-01,77.8,126,61,3.34,40.7,0.238,3.08,3.66
M006,2026-01-03,77.3,106,90,3.12,42.3,0.239,3.05,3.43
M006,2026-01-05,76.2,105,67,3.22,41.9,0.23,2.92,3.51
M006,2026-01-07,75.3,121,90,3.7,43.3,0.203,2.84,3.56
M006,2026-01-09,74.7,117,93,3.45,44.4,0.249,3.02,3.79
M006,2026-01-11,73.6,120,76,3.68,41.7,0.238,3.08,3.65
M006,2026-01-13,72.2,107,78,3.85,44.1,0.277,3.11,3.93
M006,2026-01-15,70.8,104,78,3.61,44.5,0.28,3.36,4.15
M006,2026-01-17,69.3,97,78,3.68,46.0,0.265,3.4,4.13
M006,2026-01-19,68.1,98,72,4.25,43.6,0.325,3.18,3.86
M006,2026-01-21,67.0,97,75,3.87,46.5,0.303,3.21,3.91
M006,2026-01-23,66.3,104,66,4.3,43.6,0.383,3.54,3.98
M006,2026-01-25,65.3,102,90,4.37,46.4,0.326,3.3,3.97
M006,2026-01-27,64.1,106,74,4.39,46.7,0.403,3.6,4.1
M006,2026-01-29,62.8,89,62,4.78,45.8,0.372,3.66,4.64
M006,2026-01-31,61.3,83,60,4.47,47.0,0.429,3.48,4.41
M006,2026-02-02,60.3,96,91,4.91,45.4,0.397,3.5,4.67
M006,2026-02-04,59.7,93,76,4.86,45.2,0.387,3.53,4.62
M006,2026-02-06,59.2,97,85,4.96,47.3,0.366,3.7,4.35
M006,2026-02-08,58.8,88,75,4.5,46.9,0.406,3.55,4.46
M006,2026-02-10,57.9,94,60,4.73,47.1,0.395,3.75,4.58
M006,2026-02-12,57.5,92,79,5.02,48.3,0.469,3.65,4.46
M006,2026-02-14,56.0,89,69,4.99,50.1,0.427,3.84,4.95
M006,2026-02-16,54.9,78,75,5.22,48.9,0.48,3.82,4.77
M006,2026-02-18,54.2,89,67,4.9,48.9,0.459,3.86,4.58
M006,2026-02-20,53.6,86,88,4.99,47.8,0.473,3.69,4.83
M006,2026-02-22,52.3,82,68,5.32,49.1,0.433,3.89,5.07
M006,2026-02-24,51.2,78,76,5.6,50.6,0.496,3.77,4.85
M006,2026-02-26,50.9,67,64,5.72,49.6,0.47,3.84,4.74
M006,2026-02-28,49.8,84,86,5.44,51.6,0.496,4.17,4.93
M006,2026-03-02,49.5,81,68,5.63,49.5,0.472,4.03,5.04
M006,2026-03-04,48.4,69,60,5.78,52.4,0.512,4.15,5.03
M006,2026-03-06,47.7,68,75,5.66,49.3,0.492,4.24,5.27
M006,2026-03-08,47.5,74,61,5.55,49.0,0.535,4.08,5.23
M006,2026-03-10,46.1,66,62,5.75,50.1,0.51,4.3,4.93
M006,2026-03-12,45.3,66,74,6.07,52.3,0.529,4.23,5.34
M006,2026-03-14,44.7,65,69,6.22,51.7,0.545,4.12,5.3
M006,2026-03-16,43.7,60,87,6.04,50.1,0.548,4.31,5.24
M006,2026-03-18,42.8,67,86,5.86,51.7,0.597,4.28,5.57
M006,2026-03-20,42.2,57,89,6.37,52.6,0.625,4.33,5.17
M006,2026-03-22,41.7,58,81,6.25,54.2,0.618,4.17,5.55
M006,2026-03-24,41.3,59,84,6.3,53.0,0.625,4.23,5.59
M006,2026-03-26,40.1,67,73,6.28,54.4,0.582,4.58,5.2
M006,2026-03-28,38.7,51,90,6.65,54.2,0.633,4.41,5.41
M006,2026-03-30,38.1,56,84,6.43,54.2,0.6,4.42,5.83
